listener_id,question1,question2,question3,question4,question5,question6,question7,question8,question9,question10,question11,question12
0000,6,2,United Kingdom,United Kingdom,United Kingdom,3,3,5,2,1,2,2
0001,2,2,United Kingdom,United Kingdom,United Kingdom,3,3,1,1,1,2,2
0002,5,2,United Kingdom,United Kingdom,United Kingdom,1,1,4,1,1,3,2
0003,5,1,United Kingdom,United Kingdom,United Kingdom,4,5,4,1,1,2,2
0004,5,1,United Kingdom,United Kingdom,United Kingdom,1,1,3,2,1,2,2
0005,3,2,United Kingdom,United Kingdom,United Kingdom,2,1,1,1,1,1,2
0006,6,1,United Kingdom,United Kingdom,United Kingdom,1,1,2,1,2,2,2
0007,6,2,United Kingdom,United Kingdom,United Kingdom,2,2,2,1,2,2,2
0008,5,2,United Kingdom,United Kingdom,United Kingdom,5,3,3,1,1,1,2
0009,4,2,United Kingdom,United Kingdom,United Kingdom,1,1,1,1,1,2,2
0010,4,1,United Kingdom,United Kingdom,United Kingdom,3,6,3,3,1,1,2
0011,3,1,United Kingdom,United Kingdom,United Kingdom,2,3,5,2,1,1,2
0012,6,1,United Kingdom,United Kingdom,United Kingdom,4,3,3,1,1,1,2
0013,6,1,United Kingdom,United Kingdom,United Kingdom,2,4,3,1,1,1,2
0014,3,2,United Kingdom,United Kingdom,United Kingdom,2,5,2,1,1,1,2
0015,3,1,United Kingdom,United Kingdom,United Kingdom,6,2,1,1,1,2,2
0016,2,2,United States,United States,United States,6,2,5,2,1,1,2
0017,5,1,United Kingdom,United Kingdom,United Kingdom,2,3,3,1,1,2,2
0018,3,2,Nigeria,Nigeria,United Kingdom,1,1,2,1,1,2,2
0019,5,2,United Kingdom,United Kingdom,United Kingdom,1,1,2,1,1,1,2
0020,2,2,United Kingdom,United Kingdom,United Kingdom,2,5,4,1,1,1,2
0021,2,1,United States,United States,United States,3,3,4,2,1,2,2
0022,4,1,United Kingdom,United Kingdom,United Kingdom,3,6,3,1,1,2,2
0023,4,1,United Kingdom,United Kingdom,United Kingdom,4,4,2,1,1,2,2
0024,4,1,United Kingdom,United Kingdom,United Kingdom,4,4,3,1,1,2,2
0025,3,1,United Kingdom,United Kingdom,United Kingdom,1,1,1,1,1,2,2
0026,3,2,Nigeria,Nigeria,United Kingdom,2,2,2,1,1,1,2
0027,1,1,United Kingdom,United Kingdom,United Kingdom,2,4,2,1,1,2,2
0028,3,2,United Kingdom,United Kingdom,United Kingdom,2,2,2,2,1,3,2
0029,3,2,United Kingdom,United Kingdom,United Kingdom,2,1,1,1,1,3,2
0030,4,2,United States,United States,United States,4,4,4,1,1,2,2
0031,6,1,United Kingdom,United Kingdom,United Kingdom,1,1,3,2,1,2,2
0032,4,2,United Kingdom,United Kingdom,United Kingdom,2,4,1,3,1,1,2
0033,1,1,United Kingdom,Kenya,United Kingdom,3,2,2,2,1,3,1
0034,5,2,United Kingdom,United Kingdom,United Kingdom,1,1,1,1,1,2,2
0035,3,1,United Kingdom,United Kingdom,United Kingdom,3,4,2,1,1,2,2
0036,4,2,United Kingdom,United Kingdom,United Kingdom,1,1,1,1,1,2,2
0037,2,1,United Kingdom,United Kingdom,United Kingdom,4,3,4,2,1,2,1
0038,2,1,United States,United States,United States,3,4,2,1,1,2,2
0039,3,1,Nigeria,Nigeria,United Kingdom,3,2,4,2,1,2,2
0040,2,2,United Kingdom,United Kingdom,United Kingdom,5,2,3,2,1,1,2
0041,5,1,United States,United States,United States,5,2,2,1,1,4,2
0042,3,1,United Kingdom,United Kingdom,United Kingdom,6,2,1,1,1,3,2
0043,4,1,United States,United States,United States,1,1,1,1,1,2,2
0044,5,1,United Kingdom,United Kingdom,United Kingdom,6,2,2,2,1,1,2
0045,3,2,United States,United States,United States,2,3,5,1,1,2,2
0046,3,1,United States,United States,United States,1,1,2,2,1,3,2
0047,5,2,United Kingdom,United Kingdom,United Kingdom,3,2,5,1,1,2,2
0048,2,2,United Kingdom,United Kingdom,United Kingdom,3,4,2,2,1,1,2
0049,4,2,United Kingdom,United Kingdom,United Kingdom,2,5,3,1,1,2,2
0050,6,2,United Kingdom,United Kingdom,United Kingdom,1,1,1,1,1,2,2
0051,5,2,United Kingdom,United Kingdom,United Kingdom,1,1,2,1,1,2,2
0052,3,1,Kenya,Kenya,United Kingdom,2,2,2,1,1,3,1
0053,5,2,United Kingdom,United Kingdom,United Kingdom,3,2,2,3,1,2,2
0054,2,2,United States,United States,United States,5,2,2,1,1,1,1
0055,3,1,Nigeria,Nigeria,United Kingdom,6,3,5,2,1,2,2
0056,2,2,United Kingdom,United Kingdom,United Kingdom,2,5,2,2,1,2,2
0057,3,1,Nigeria,Nigeria,United Kingdom,6,2,2,1,1,2,2
0058,6,1,United Kingdom,United Kingdom,United Kingdom,1,1,1,1,1,2,2
0059,3,2,United Kingdom,United Kingdom,United Kingdom,5,3,4,1,1,1,2
0060,3,1,Canada,Canada,United Kingdom,1,1,3,2,1,2,2
0061,2,1,United Kingdom,United Kingdom,United Kingdom,1,1,1,3,1,1,2
0062,2,2,United States,United States,United States,5,3,4,1,1,3,2
0063,3,2,United States,United States,United States,3,5,3,2,1,2,2
0064,4,1,United States,Ghana,United States,1,1,4,3,1,2,2
0065,2,2,United Kingdom,United Kingdom,United Kingdom,2,6,3,2,1,2,2
0066,4,1,United Kingdom,United Kingdom,United Kingdom,1,1,4,1,1,2,2
0067,3,2,United Kingdom,United Kingdom,United Kingdom,3,4,5,2,1,1,2
0068,4,2,United States,Ghana,United States,1,2,2,1,1,2,2
0069,2,1,Nigeria,Nigeria,United Kingdom,6,2,2,2,1,1,2
0070,4,1,United Kingdom,United Kingdom,United Kingdom,3,2,3,2,1,2,2
0071,3,1,United Kingdom,United Kingdom,United Kingdom,5,2,3,1,1,2,2
0072,4,2,United Kingdom,United Kingdom,United Kingdom,5,2,3,2,1,1,2
0073,4,1,United Kingdom,United Kingdom,United Kingdom,3,5,3,1,1,2,2
0074,4,2,United Kingdom,United Kingdom,United Kingdom,2,5,1,1,1,2,2
0075,2,1,United States,United States,United States,2,2,3,2,1,2,2
0076,3,2,Nigeria,Nigeria,United Kingdom,4,2,2,1,1,3,2
0077,2,2,United Kingdom,United Kingdom,United Kingdom,4,2,3,1,1,2,2
0078,1,1,United Kingdom,United Kingdom,United Kingdom,3,4,2,1,1,2,2
0079,1,2,United States,United States,United States,5,2,3,1,1,1,2
0080,6,1,United Kingdom,United Kingdom,United Kingdom,3,3,1,1,1,3,2
0081,2,2,Nigeria,Nigeria,United Kingdom,4,3,3,1,1,1,2
0082,6,1,United Kingdom,United Kingdom,United Kingdom,5,2,1,1,3,1,2
0083,3,1,United States,United States,United States,3,2,1,2,1,2,2
0084,4,2,United Kingdom,United Kingdom,United Kingdom,6,3,2,2,1,2,2
0085,2,1,Nigeria,Nigeria,United Kingdom,6,2,2,2,1,2,2
0086,4,2,United Kingdom,United Kingdom,United Kingdom,1,1,1,2,1,1,2
0087,2,1,Ghana,Ghana,United States,4,6,2,1,2,3,1
0088,5,1,United States,United States,United States,1,1,3,1,1,2,2
0089,2,2,United States,United States,United States,4,5,3,2,1,1,2
0090,6,1,United Kingdom,United Kingdom,United Kingdom,1,1,3,2,1,2,2
0091,3,2,United Kingdom,United Kingdom,United Kingdom,2,2,3,2,1,2,2
0092,2,1,United States,United States,United States,4,2,3,2,1,2,2
0093,1,1,United Kingdom,United Kingdom,United Kingdom,1,1,3,2,1,1,2
0094,5,2,United Kingdom,United Kingdom,United Kingdom,3,2,5,2,1,3,2
0095,3,2,United Kingdom,United Kingdom,United Kingdom,3,2,2,2,1,1,2
0096,4,2,United Kingdom,United Kingdom,United Kingdom,2,4,1,1,1,2,2
0097,4,2,United Kingdom,Nigeria,United Kingdom,6,2,5,3,1,3,2
0098,5,1,United Kingdom,United Kingdom,United Kingdom,2,6,1,3,1,3,2
0099,3,2,Nigeria,Nigeria,United Kingdom,6,2,5,1,1,2,2
0100,4,2,United States,United States,United States,3,3,3,2,1,1,2
0101,3,1,United Kingdom,United Kingdom,United Kingdom,5,2,4,1,1,2,2
0102,3,2,United Kingdom,United Kingdom,United Kingdom,6,4,3,1,1,2,2
0103,3,2,United Kingdom,United Kingdom,United Kingdom,2,5,4,1,1,1,2
0104,3,2,United Kingdom,United Kingdom,United Kingdom,2,4,3,1,1,2,2
0105,5,2,United Kingdom,United Kingdom,United Kingdom,3,2,2,1,1,2,2
0106,4,1,United Kingdom,United Kingdom,United Kingdom,4,4,2,1,2,2,2
0107,4,2,United Kingdom,United Kingdom,United Kingdom,1,1,2,2,1,2,2
0108,2,2,United States,United States,United States,3,2,2,2,1,2,1
0109,4,1,United Kingdom,United States,United Kingdom,3,4,3,1,2,2,2
0110,5,2,United Kingdom,United Kingdom,United Kingdom,1,1,1,2,1,2,2
0111,4,1,United Kingdom,United Kingdom,United Kingdom,5,4,2,2,1,3,2
0112,2,1,United States,Ghana,United States,2,1,2,2,2,2,2
0113,4,1,United Kingdom,United Kingdom,United Kingdom,4,4,1,1,1,1,2
0114,2,1,Nigeria,Nigeria,United Kingdom,6,4,2,1,1,3,2
0115,2,1,United States,Nigeria,United States,1,1,3,2,1,1,2
0116,4,1,United Kingdom,United Kingdom,United Kingdom,2,2,1,1,1,3,2
0117,4,2,United Kingdom,United Kingdom,United Kingdom,3,3,1,1,1,2,2
0118,3,2,Nigeria,Nigeria,United Kingdom,4,2,3,2,1,2,2
0119,5,1,United Kingdom,United Kingdom,United Kingdom,3,4,3,1,1,2,2
0120,4,2,United Kingdom,United Kingdom,United Kingdom,1,1,1,2,1,2,2
0121,5,1,United Kingdom,United Kingdom,United Kingdom,2,1,3,2,1,3,2
0122,5,1,United Kingdom,United Kingdom,United Kingdom,6,2,2,1,1,2,2
0123,5,1,Nigeria,Nigeria,United States,1,1,3,3,1,2,2
0124,3,2,United Kingdom,United Kingdom,United Kingdom,2,5,1,1,1,3,2
0125,4,2,United Kingdom,United Kingdom,United Kingdom,3,4,3,2,1,2,2
0126,5,1,United Kingdom,United Kingdom,United Kingdom,3,2,2,1,1,2,2
0127,3,1,United States,United States,United States,4,3,2,2,1,1,2
0128,3,1,United States,United States,United States,6,2,3,1,1,2,2
0129,6,1,United Kingdom,United Kingdom,United Kingdom,2,1,1,1,1,2,2
0130,3,1,United Kingdom,United Kingdom,United Kingdom,6,2,2,1,1,2,2
0131,5,1,United Kingdom,United Kingdom,United Kingdom,1,1,5,1,1,2,2
0132,2,1,United States,Ghana,United States,4,2,2,2,1,2,2
0133,3,1,Sierra Leone,Sierra Leone,United Kingdom,5,2,3,1,1,1,2
0134,2,1,United States,United States,United States,1,1,1,1,1,3,2
0135,2,2,United Kingdom,United Kingdom,United Kingdom,1,1,1,2,1,2,2
0136,2,2,United States,United States,United States,1,1,3,2,1,1,2
0137,5,1,United Kingdom,United Kingdom,United Kingdom,1,1,4,1,1,2,2
0138,3,2,United Kingdom,United Kingdom,United Kingdom,1,1,1,1,1,2,2
0139,4,1,United Kingdom,United Kingdom,United Kingdom,4,2,1,1,1,2,2
0140,5,2,United Kingdom,United Kingdom,United Kingdom,1,1,2,2,1,2,2
0141,6,1,United Kingdom,United Kingdom,United Kingdom,2,4,5,1,1,1,2
0142,6,1,United States,United States,United States,6,2,3,2,1,1,2
0143,2,1,Nigeria,Nigeria,United Kingdom,5,2,5,2,1,2,2
0144,4,2,Philippines,Philippines,United Kingdom,2,3,2,2,1,1,1
0145,2,1,Nigeria,Nigeria,United Kingdom,2,4,3,2,1,2,2
0146,3,2,Nigeria,Nigeria,United Kingdom,1,1,2,1,1,1,2
0147,2,1,United States,United States,United States,2,2,2,1,1,2,1
0148,6,1,United Kingdom,United Kingdom,United Kingdom,2,2,2,1,1,2,2
0149,5,1,United States,United States,United States,4,3,3,3,1,2,2
0150,2,2,United States,United States,United States,5,2,4,1,1,2,1
0151,3,1,United States,United States,United States,2,2,4,1,1,1,1
0152,3,2,United Kingdom,United Kingdom,United Kingdom,4,4,4,2,1,1,2
0153,3,1,United States,United States,United States,2,2,3,1,1,1,2
0154,2,2,United States,United States,United States,4,2,3,2,1,2,2
0155,2,1,India,India,United Kingdom,6,2,3,2,1,2,2
0156,5,1,United Kingdom,United Kingdom,United Kingdom,3,2,3,3,2,2,1
0157,2,1,United States,Ghana,United States,1,1,4,2,1,2,2
0158,4,1,United Kingdom,United Kingdom,United Kingdom,2,6,3,1,1,2,2
0159,2,2,United States,United States,United States,6,2,1,1,1,2,2
0160,1,1,United States,United States,United States,3,2,5,2,1,2,2
0161,5,1,United Kingdom,United Kingdom,United Kingdom,4,2,1,1,1,2,2
0162,4,2,United Kingdom,United Kingdom,United Kingdom,6,2,1,2,1,2,2
0163,3,1,United Kingdom,Latvia,United Kingdom,6,2,2,1,1,3,2
0164,3,2,United States,United States,United States,5,2,5,1,1,1,2
0165,3,1,United Kingdom,United Kingdom,United Kingdom,3,3,3,2,1,1,2
0166,3,1,United States,United States,United States,1,1,1,1,1,1,1
0167,4,2,United States,United States,United States,1,1,1,1,1,3,2
0168,5,1,United Kingdom,United Kingdom,United Kingdom,3,2,2,3,1,3,2
0169,4,2,United Kingdom,United Kingdom,United Kingdom,1,1,1,2,1,2,2
0170,4,1,United Kingdom,United Kingdom,United Kingdom,1,1,2,2,1,3,2
0171,4,1,United Kingdom,United Kingdom,United Kingdom,1,1,4,3,1,2,2
0172,2,1,United Kingdom,United Kingdom,United Kingdom,3,4,2,2,1,2,2
0173,4,1,United Kingdom,United Kingdom,United Kingdom,6,2,2,2,1,1,2
0174,2,1,United States,United States,United States,1,1,3,2,1,1,2
0175,4,2,United Kingdom,United Kingdom,United Kingdom,1,1,3,1,1,2,2
0176,1,2,United Kingdom,United Kingdom,United Kingdom,2,2,4,2,1,2,2
0177,4,2,United States,United States,United States,4,3,3,1,2,3,2
0178,5,1,United Kingdom,United Kingdom,United Kingdom,5,2,2,2,1,2,2
0179,2,1,United Kingdom,United Kingdom,United Kingdom,6,2,3,1,3,1,2
0180,5,2,United Kingdom,United Kingdom,United Kingdom,5,5,4,3,4,3,2
0181,4,2,United States,United States,United States,5,2,3,1,1,2,2
0182,4,2,United States,United States,United States,4,2,3,2,1,1,2
0183,6,1,United Kingdom,United Kingdom,United Kingdom,2,6,5,1,1,2,2
0184,3,2,United States,United States,United States,3,2,1,2,1,2,2
0185,2,1,United States,United States,United States,1,1,2,2,1,2,2
0186,2,2,United States,United States,United States,2,2,1,1,1,1,2
0187,4,1,United Kingdom,United Kingdom,United Kingdom,1,1,4,1,1,2,2
0188,3,1,Nigeria,Nigeria,United Kingdom,4,2,2,1,1,1,1
0189,2,2,United States,United States,United States,6,2,2,2,4,2,2
0190,4,2,United States,United States,United States,2,2,3,1,1,2,2
0191,4,1,United Kingdom,United Kingdom,United Kingdom,6,4,3,1,1,2,2
0192,3,1,United Kingdom,Latvia,United Kingdom,6,2,5,1,1,2,1
0193,6,1,United Kingdom,United Kingdom,United Kingdom,4,3,2,1,1,2,2
0194,3,1,United Kingdom,United Kingdom,United Kingdom,1,2,2,2,1,1,2
0195,2,2,United States,United States,United States,3,2,4,2,1,1,2
0196,3,1,United States,United States,United States,1,1,2,2,1,2,2
0197,2,2,Kenya,Kenya,United Kingdom,5,3,4,2,1,3,1
0198,4,1,United States,United States,United States,3,2,2,1,1,2,2
0199,4,2,United States,United States,United States,1,1,3,3,1,2,2
0200,5,2,United Kingdom,United Kingdom,United Kingdom,5,4,5,1,1,3,2
0201,5,1,United Kingdom,United Kingdom,United Kingdom,4,4,2,1,1,2,2
0202,3,2,United Kingdom,United Kingdom,United Kingdom,6,2,3,2,1,2,2
0203,2,2,United States,United States,United States,4,2,2,1,1,2,2
0204,2,2,United States,United States,United States,3,2,3,2,1,2,2
0205,5,1,Australia,United Kingdom,United Kingdom,3,6,1,1,1,2,2
0206,3,2,United Kingdom,United Kingdom,United Kingdom,1,1,2,1,1,2,2
0207,2,2,United States,United States,United States,3,6,3,2,1,1,1
0208,5,1,United Kingdom,United Kingdom,United Kingdom,6,2,2,1,1,2,2
0209,4,1,United Kingdom,United Kingdom,United Kingdom,4,2,1,1,1,2,2
0210,3,1,United Kingdom,United Kingdom,United Kingdom,6,2,3,2,1,2,2
0211,3,1,United Kingdom,United Kingdom,United Kingdom,1,1,1,1,1,3,2
0212,2,1,United Kingdom,United Kingdom,United Kingdom,6,2,3,1,1,2,2
0213,2,1,Nigeria,Nigeria,United States,3,2,5,2,1,2,2
0214,5,2,United Kingdom,United Kingdom,United Kingdom,2,6,1,3,1,2,2
0215,2,1,United Kingdom,United Kingdom,United Kingdom,3,3,2,2,1,2,2
0216,1,2,United Kingdom,United Kingdom,United Kingdom,1,1,1,3,2,2,2
0217,4,1,United Kingdom,United Kingdom,United Kingdom,5,2,3,2,1,3,2
0218,5,2,United Kingdom,United Kingdom,United Kingdom,6,2,5,2,1,3,2
0219,3,2,United Kingdom,United Kingdom,United Kingdom,2,4,2,1,1,2,2
0220,2,3,United States,United States,United States,4,2,2,1,1,2,2
0221,5,2,Italy,Italy,United Kingdom,4,5,2,1,1,2,2
0222,3,1,United Kingdom,United Kingdom,United Kingdom,3,3,2,2,1,2,2
0223,3,1,United Kingdom,United Kingdom,United Kingdom,6,3,5,1,1,2,2
0224,3,2,United Kingdom,United Kingdom,United Kingdom,1,1,5,1,1,1,2
0225,5,1,United Kingdom,United Kingdom,United Kingdom,2,6,2,1,1,2,2
0226,4,1,United Kingdom,United Kingdom,United Kingdom,3,3,4,1,1,2,2
0227,4,2,United Kingdom,United Kingdom,United Kingdom,3,4,2,2,1,2,2
0228,2,2,United Kingdom,United Kingdom,United Kingdom,4,3,2,2,1,2,2
0229,4,2,United States,United States,United States,2,1,1,2,1,2,2
0230,3,2,United Kingdom,United Kingdom,United Kingdom,2,1,2,1,1,2,2
0231,5,2,United Kingdom,United Kingdom,United Kingdom,2,1,3,1,1,2,2
0232,3,1,United Kingdom,United Kingdom,United Kingdom,4,5,2,1,1,1,2
0233,3,2,United Kingdom,United Kingdom,United Kingdom,6,2,1,1,1,1,2
0234,2,2,United States,United States,United States,5,3,4,2,1,2,2
0235,2,1,United Kingdom,United Kingdom,United Kingdom,6,2,5,1,1,1,2
0236,4,1,United Kingdom,United Kingdom,United Kingdom,3,2,2,1,1,2,2
0237,4,1,United Kingdom,United Kingdom,United Kingdom,3,2,1,1,1,2,2
0238,4,1,United Kingdom,United Kingdom,United Kingdom,5,5,4,2,1,1,2
0239,4,2,United Kingdom,United Kingdom,United Kingdom,3,2,1,2,2,2,2
0240,5,1,United Kingdom,United Kingdom,United Kingdom,2,4,2,2,1,1,2
0241,2,1,Nigeria,Nigeria,United Kingdom,3,2,2,2,1,1,2
0242,5,2,United Kingdom,United Kingdom,United Kingdom,3,4,1,1,1,1,2
0243,3,1,United Kingdom,United Kingdom,United Kingdom,6,2,1,1,1,2,2
0244,2,2,United Kingdom,United Kingdom,United Kingdom,4,3,3,1,1,2,2
0245,2,2,United Kingdom,United Kingdom,United Kingdom,3,5,2,1,1,1,2
0246,2,1,United States,United States,United States,2,2,1,1,1,1,2
0247,2,3,United Kingdom,United Kingdom,United Kingdom,6,2,5,1,1,2,2
0248,2,2,Nigeria,Nigeria,United Kingdom,3,2,1,1,1,2,2
0249,3,2,Nigeria,Nigeria,United Kingdom,6,2,2,2,1,2,2
0250,4,2,United Kingdom,United Kingdom,United Kingdom,6,2,3,1,1,2,2
0251,3,1,United States,United States,United States,2,2,3,2,1,2,2
0252,3,1,United Kingdom,United Kingdom,United Kingdom,5,2,3,1,1,2,1
0253,1,2,United Kingdom,United Kingdom,United Kingdom,2,2,3,3,2,2,2
0254,2,2,United Kingdom,United Kingdom,United Kingdom,1,1,2,2,1,2,2
0255,5,2,United Kingdom,United Kingdom,United Kingdom,6,2,1,1,1,1,2
0256,2,1,United States,United States,United States,2,4,2,2,1,3,2
0257,5,2,United Kingdom,United Kingdom,United Kingdom,2,2,3,2,1,1,2
0258,2,2,United States,United States,United States,3,2,4,2,1,1,2
0259,4,2,United Kingdom,United Kingdom,United Kingdom,2,6,2,2,1,1,2
0260,6,1,United Kingdom,United Kingdom,United Kingdom,1,1,5,1,1,2,2
0261,6,1,United Kingdom,United Kingdom,United Kingdom,2,5,3,1,1,2,2
0262,3,2,United Kingdom,United Kingdom,United Kingdom,6,2,2,2,1,2,2
0263,3,1,United States,United States,United States,2,2,1,3,1,3,2
0264,3,1,United Kingdom,United Kingdom,United Kingdom,6,4,4,1,1,1,2
0265,2,2,United Kingdom,United Kingdom,United Kingdom,6,2,3,1,2,2,2
0266,4,1,United Kingdom,United Kingdom,United Kingdom,1,1,3,1,1,2,2
0267,3,2,United States,United States,United States,2,4,3,1,1,2,2
0268,4,1,United Kingdom,United Kingdom,United Kingdom,4,2,2,1,1,2,2
0269,2,2,United States,United States,United States,3,2,4,1,1,1,2
0270,2,1,United States,United States,United States,1,1,5,1,1,2,2
0271,2,2,United States,United States,United States,4,3,4,2,2,1,1
0272,6,2,United Kingdom,United Kingdom,United Kingdom,4,2,2,1,1,1,2
0273,2,1,United Kingdom,United Kingdom,United Kingdom,3,2,1,1,3,1,2
0274,2,1,United States,United States,United States,3,2,5,1,1,1,2
0275,1,1,United Kingdom,United Kingdom,United Kingdom,4,2,3,2,1,3,1
0276,4,1,United Kingdom,United Kingdom,United Kingdom,1,1,2,1,1,2,2
0277,5,1,United Kingdom,United Kingdom,United Kingdom,2,2,1,1,1,2,2
0278,2,1,United Kingdom,United Kingdom,United Kingdom,6,2,2,1,1,1,2
0279,5,2,United Kingdom,United Kingdom,United Kingdom,1,1,2,1,1,1,2
0280,4,2,United Kingdom,United Kingdom,United Kingdom,3,5,1,2,1,1,2
0281,3,1,United States,United States,United States,4,2,3,3,1,3,2
0282,6,1,United Kingdom,United Kingdom,United Kingdom,1,1,1,1,2,2,2
0283,6,1,United Kingdom,United Kingdom,United Kingdom,2,2,1,1,1,2,2
0284,4,2,Nigeria,Nigeria,United Kingdom,4,4,3,2,1,1,2
0285,4,1,United Kingdom,United Kingdom,United Kingdom,2,4,1,2,1,2,2
0286,3,1,United States,United States,United States,2,2,2,1,1,2,2
0287,2,2,United Kingdom,United Kingdom,United Kingdom,6,2,2,3,1,2,2
0288,5,1,Nigeria,Nigeria,United States,1,1,3,3,1,2,2
0289,6,2,United Kingdom,United Kingdom,United Kingdom,4,5,2,1,1,2,2
0290,2,2,Nigeria,Nigeria,United Kingdom,4,2,4,1,1,3,1
0291,2,2,United Kingdom,United Kingdom,United Kingdom,2,3,4,1,1,2,2
0292,2,2,United States,United States,United States,4,2,2,1,1,2,2
0293,1,2,United States,United States,United States,3,5,3,2,1,1,2
0294,5,1,United Kingdom,United Kingdom,United Kingdom,4,4,2,1,1,1,2
0295,3,1,United States,United States,United States,5,5,4,2,1,1,2
0296,4,2,United States,United States,United States,5,3,4,2,1,1,2
0297,4,2,United States,Nigeria,United States,4,4,3,2,1,2,2
0298,5,2,United Kingdom,United Kingdom,United Kingdom,6,2,5,2,1,3,2
0299,1,1,United States,United States,United States,5,2,4,1,1,1,1
0300,3,2,Hungary,Hungary,United Kingdom,2,1,3,1,1,2,2
0301,6,2,United States,United States,United States,3,2,2,1,1,1,2
0302,1,2,Nigeria,Nigeria,United Kingdom,3,2,2,1,1,2,2
0303,4,1,United States,United States,United States,2,1,4,1,2,2,2
0304,3,1,United States,United States,United States,2,2,3,2,1,2,2
0305,6,1,United Kingdom,United Kingdom,United Kingdom,1,1,3,1,1,2,2
0306,3,1,United Kingdom,United Kingdom,United Kingdom,6,3,2,2,1,1,2
0307,5,2,United Kingdom,United Kingdom,United Kingdom,1,1,1,1,1,2,2
0308,6,1,United Kingdom,United Kingdom,United Kingdom,3,2,3,1,1,2,2
0309,5,1,United States,United States,United States,4,2,4,1,1,2,2
0310,5,2,United States,United Kingdom,United States,1,1,2,2,1,3,2
0311,2,2,United Kingdom,United Kingdom,United Kingdom,4,2,4,1,1,2,2
0312,3,1,United Kingdom,United Kingdom,United Kingdom,1,1,2,1,1,3,2
0313,4,1,United Kingdom,United Kingdom,United Kingdom,5,2,4,1,1,2,2
0314,2,2,United States,United States,United States,3,2,4,2,3,2,2
0315,4,1,United Kingdom,United Kingdom,United Kingdom,6,6,1,1,1,2,2
0316,6,2,United Kingdom,United Kingdom,United Kingdom,6,2,5,1,1,2,2
0317,3,2,United States,United States,United States,5,2,3,2,2,1,2
0318,2,1,Nigeria,United States,United States,3,2,2,3,1,2,2
0319,2,1,United Kingdom,United Kingdom,United Kingdom,2,2,2,1,1,1,2
0320,2,2,United Kingdom,United Kingdom,United Kingdom,2,2,1,1,1,1,2
0321,3,2,United Kingdom,United Kingdom,United Kingdom,1,1,3,1,1,2,2
0322,2,1,United Kingdom,Kenya,United Kingdom,5,2,4,1,1,1,1
0323,6,1,United Kingdom,United Kingdom,United Kingdom,3,2,2,1,1,2,2
0324,6,1,United Kingdom,United Kingdom,United Kingdom,3,3,2,1,1,2,2
0325,3,1,United Kingdom,United Kingdom,United Kingdom,3,4,2,2,1,2,2
0326,2,1,Nigeria,Nigeria,United Kingdom,2,2,1,1,3,2,2
0327,3,2,United Kingdom,United Kingdom,United Kingdom,2,1,4,3,1,2,2
0328,2,1,United Kingdom,United Kingdom,United Kingdom,2,4,3,1,1,1,2
0329,3,2,United Kingdom,United Kingdom,United Kingdom,3,3,2,1,1,2,2
0330,3,2,United Kingdom,United Kingdom,United Kingdom,6,3,4,1,1,1,2
0331,2,2,South Africa,South Africa,United Kingdom,3,2,4,2,2,2,2
0332,4,1,United Kingdom,United Kingdom,United Kingdom,2,5,1,2,1,2,2
0333,4,1,Nigeria,Nigeria,United Kingdom,1,1,2,1,1,2,2
0334,2,1,United Kingdom,Pakistan,United Kingdom,4,2,1,2,2,3,1
0335,4,1,United Kingdom,United Kingdom,United Kingdom,1,1,2,3,1,2,2
0336,4,1,United Kingdom,United Kingdom,United Kingdom,1,1,1,1,1,3,2
0337,3,2,United Kingdom,United Kingdom,United Kingdom,2,7,3,2,1,1,2
0338,4,2,United Kingdom,United Kingdom,United Kingdom,3,4,2,1,1,2,2
0339,2,2,Nigeria,Nigeria,United Kingdom,3,2,3,1,1,2,2
0340,2,2,United States,United States,United States,2,2,3,2,1,2,1
0341,3,1,United Kingdom,United Kingdom,United Kingdom,1,1,3,3,1,2,2
0342,3,2,Nigeria,Nigeria,United Kingdom,6,2,5,1,1,1,1
0343,3,2,United Kingdom,United Kingdom,United Kingdom,1,1,3,1,1,2,2
0344,6,2,United Kingdom,United Kingdom,United Kingdom,3,3,2,1,1,2,2
0345,3,1,Nigeria,Nigeria,United Kingdom,5,3,3,2,1,2,2
0346,2,1,United States,United States,United States,2,1,3,3,1,1,2
0347,3,2,United Kingdom,United Kingdom,United Kingdom,4,2,4,1,1,2,2
0348,2,1,United Kingdom,United Kingdom,United Kingdom,2,2,3,1,1,2,2
0349,1,1,United Kingdom,United Kingdom,United Kingdom,1,1,5,2,1,2,2
0350,4,1,United States,United States,United States,4,5,2,2,1,2,2
0351,4,1,United States,United States,United States,5,2,5,1,1,2,1
0352,2,2,United States,United States,United States,6,2,4,2,1,2,2
0353,3,1,Nigeria,Nigeria,United Kingdom,5,2,4,2,2,2,1
0354,1,1,United Kingdom,United Kingdom,United Kingdom,4,2,2,1,1,2,1
0355,5,1,United Kingdom,United Kingdom,United Kingdom,1,1,5,1,1,2,2
0356,3,1,Ghana,Ghana,United Kingdom,5,2,5,1,1,2,1
0357,2,2,Philippines,Philippines,United Kingdom,3,2,3,2,1,2,1
0358,2,2,United States,United States,United States,3,2,3,2,1,2,1
0359,5,1,United States,United States,United States,3,3,2,1,1,2,2
0360,3,1,United Kingdom,United Kingdom,United Kingdom,3,3,3,1,1,2,2
0361,3,1,United Kingdom,United Kingdom,United Kingdom,3,3,2,1,2,2,2
0362,3,1,United Kingdom,United Kingdom,United Kingdom,1,1,1,1,1,2,2
0363,4,1,United Kingdom,United Kingdom,United Kingdom,3,2,3,2,1,2,2
0364,2,1,United Kingdom,United Kingdom,United Kingdom,4,3,2,2,1,2,2
0365,2,2,United States,United States,United States,5,3,4,2,1,2,1
0366,2,1,United States,United States,United States,1,1,3,2,2,3,2
0367,4,1,United Kingdom,United Kingdom,United Kingdom,3,4,1,1,1,2,2
0368,6,1,Canada,United States,United States,6,4,5,1,1,1,2
0369,4,1,United States,United States,United States,1,1,1,1,1,2,2
0370,5,1,United Kingdom,United Kingdom,United Kingdom,4,2,3,1,1,2,1
0371,4,1,United Kingdom,United Kingdom,United Kingdom,1,1,1,2,1,1,2
0372,5,1,United Kingdom,United Kingdom,United Kingdom,1,1,2,1,1,3,2
0373,4,1,United Kingdom,United Kingdom,United Kingdom,1,1,1,2,1,2,2
0374,5,2,United States,United States,United States,1,1,5,1,1,2,2
0375,2,2,Nigeria,Nigeria,United Kingdom,3,2,3,2,1,2,2
0376,2,1,United Kingdom,United Kingdom,United Kingdom,1,1,3,2,1,2,2
0377,3,2,United Kingdom,United Kingdom,United Kingdom,3,4,2,2,1,2,2
0378,5,1,United States,United States,United States,6,5,3,1,2,2,2
0379,3,2,United States,United States,United States,3,2,2,1,1,2,2
0380,3,1,United Kingdom,United Kingdom,United Kingdom,3,4,3,2,1,3,1
0381,6,2,United Kingdom,United Kingdom,United Kingdom,2,2,1,3,1,2,2
0382,2,2,United Kingdom,United Kingdom,United Kingdom,6,2,4,1,1,2,2
0383,6,1,United Kingdom,United Kingdom,United Kingdom,4,4,3,1,1,1,2
0384,2,2,Nigeria,Nigeria,United Kingdom,1,1,1,2,1,1,2
0385,3,2,United Kingdom,United Kingdom,United Kingdom,6,4,5,2,1,1,2
0386,2,2,Nigeria,Nigeria,United Kingdom,3,2,2,1,1,2,2
0387,6,2,United Kingdom,United Kingdom,United Kingdom,2,3,3,1,1,2,2
0388,2,2,Nigeria,Nigeria,United Kingdom,2,2,2,2,1,1,2
0389,5,1,United States,United States,United States,4,2,2,1,4,3,1
0390,2,2,United Kingdom,United Kingdom,United Kingdom,1,1,3,1,1,2,2
0391,3,2,United States,United States,United States,2,4,1,1,1,2,2
0392,3,1,Nigeria,United Kingdom,United Kingdom,4,3,3,1,1,1,1
0393,4,2,United States,United States,United States,6,2,2,1,1,1,2
0394,3,2,Nigeria,Nigeria,United Kingdom,6,2,5,2,1,2,2
0395,2,1,United Kingdom,United Kingdom,United Kingdom,3,4,3,2,1,2,2
0396,4,1,Nigeria,Nigeria,United Kingdom,3,4,2,2,1,3,2
0397,2,2,United Kingdom,United Kingdom,United Kingdom,3,2,3,1,1,1,2
0398,5,2,United Kingdom,United Kingdom,United Kingdom,4,2,3,1,1,2,2
0399,4,1,United Kingdom,United Kingdom,United Kingdom,6,2,2,2,1,2,2
0400,4,1,Philippines,Philippines,United States,3,2,1,1,1,2,2
0401,2,2,United States,United States,United States,1,1,2,1,1,1,2
0402,6,2,United Kingdom,United Kingdom,United Kingdom,4,4,3,1,1,2,2
0403,4,2,United Kingdom,United Kingdom,United Kingdom,2,3,2,1,1,2,2
0404,2,2,Kenya,United States,United States,4,5,2,2,1,3,2
0405,5,2,United Kingdom,United Kingdom,United Kingdom,4,3,2,2,1,3,2
0406,3,2,Nigeria,Nigeria,United Kingdom,6,2,2,1,1,2,2
0407,3,2,United Kingdom,United Kingdom,United Kingdom,2,1,2,1,1,4,2
0408,2,1,United States,United States,United States,4,2,4,1,1,2,2
0409,2,2,Singapore,Singapore,United Kingdom,3,2,1,1,1,1,2
0410,2,1,Ghana,Ghana,United Kingdom,4,2,1,3,1,1,2
0411,3,2,United States,United States,United States,2,7,1,1,1,1,2
0412,2,2,Nigeria,Nigeria,United Kingdom,1,1,2,2,1,1,2
0413,2,1,United Kingdom,United Kingdom,United Kingdom,1,1,2,2,1,2,2
0414,3,1,United Kingdom,United Kingdom,United Kingdom,1,1,1,2,1,1,2
0415,3,2,United Kingdom,United Kingdom,United Kingdom,2,3,2,3,1,2,2
0416,6,1,United Kingdom,United Kingdom,United Kingdom,3,3,4,2,1,3,2
0417,3,2,United Kingdom,United Kingdom,United Kingdom,2,5,1,1,1,3,2
0418,1,2,United States,United States,United States,3,2,4,1,1,1,2
0419,5,1,United Kingdom,United Kingdom,United Kingdom,6,3,5,1,1,2,2
0420,3,2,United States,United States,United States,3,2,4,2,1,2,1
0421,3,2,Nigeria,Nigeria,United Kingdom,4,2,3,1,1,2,2
0422,4,2,United States,United States,United States,5,2,4,2,1,2,2
0423,5,1,United Kingdom,United Kingdom,United Kingdom,1,1,2,1,2,2,2
0424,6,1,United Kingdom,United Kingdom,United Kingdom,3,4,2,2,1,2,2
0425,3,1,United Kingdom,United Kingdom,United Kingdom,5,4,4,2,1,2,2
0426,3,1,United Kingdom,United Kingdom,United Kingdom,1,1,2,3,1,2,2
0427,4,2,United Kingdom,United Kingdom,United Kingdom,1,1,2,2,1,2,2
0428,5,2,United Kingdom,United Kingdom,United Kingdom,3,4,3,1,1,2,2
0429,3,1,United Kingdom,United Kingdom,United Kingdom,2,2,4,2,1,2,2
0430,4,1,United States,United States,United States,4,3,3,2,1,2,2
0431,2,2,United States,United States,United States,2,5,3,2,1,4,2
0432,3,1,United Kingdom,United Kingdom,United Kingdom,1,1,1,2,2,2,2
0433,2,1,United Kingdom,United Kingdom,United Kingdom,6,3,3,1,1,1,2
0434,2,1,United Kingdom,United Kingdom,United Kingdom,6,2,2,2,1,1,2
0435,4,2,United States,United States,United States,4,3,3,2,1,1,2
0436,5,1,United States,United States,United States,6,2,5,1,1,1,1
0437,1,1,Ethiopia,Ethiopia,United Kingdom,2,2,1,1,1,1,2
0438,2,1,Malaysia,Malaysia,United Kingdom,2,2,5,2,1,1,2
0439,2,1,United Kingdom,United Kingdom,United Kingdom,1,1,1,2,1,2,2
0440,4,2,United States,United States,United States,1,1,1,2,1,2,2
0441,3,2,Nigeria,Nigeria,United Kingdom,4,2,2,2,1,1,2
0442,4,1,United Kingdom,United Kingdom,United Kingdom,2,2,2,1,1,1,2
0443,5,1,United Kingdom,United Kingdom,United Kingdom,1,1,1,1,1,2,2
0444,3,1,United States,United States,United States,6,2,2,1,1,1,2
0445,3,1,United Kingdom,United Kingdom,United Kingdom,3,4,3,2,1,2,2
0446,5,1,United Kingdom,United Kingdom,United Kingdom,6,2,2,2,1,2,2
0447,1,2,United Kingdom,United Kingdom,United Kingdom,3,2,4,3,3,1,2
0448,2,2,United Kingdom,United Kingdom,United Kingdom,2,3,1,1,2,2,2
0449,2,2,Nigeria,Nigeria,United Kingdom,6,2,3,1,1,3,2
0450,6,2,United Kingdom,United Kingdom,United Kingdom,3,2,2,2,1,2,2
0451,4,1,United Kingdom,United Kingdom,United Kingdom,4,6,2,1,2,2,2
0452,2,1,Nigeria,Nigeria,United Kingdom,3,2,2,1,1,3,2
0453,5,2,United Kingdom,United Kingdom,United Kingdom,3,2,1,1,1,2,2
0454,6,2,United Kingdom,United Kingdom,United Kingdom,4,3,5,1,1,2,2
0455,6,2,United Kingdom,United Kingdom,United Kingdom,6,4,5,2,1,2,2
0456,2,1,United States,United States,United States,3,3,2,2,1,2,1
0457,1,1,United States,United States,United States,3,3,2,2,1,2,2
0458,2,1,United Kingdom,United Kingdom,United Kingdom,3,2,3,1,1,1,2
0459,3,2,United States,United States,United States,5,2,2,2,1,3,1
0460,4,2,United Kingdom,Poland,United Kingdom,3,2,1,1,1,2,2
0461,2,1,United Kingdom,United Kingdom,United Kingdom,2,4,1,2,1,2,2
0462,4,2,United Kingdom,United Kingdom,United Kingdom,6,2,5,2,1,1,2
0463,4,1,United Kingdom,United Kingdom,United Kingdom,2,1,3,2,1,2,2
0464,2,1,United States,United States,United States,5,5,4,1,1,3,2
0465,3,1,United States,United States,United States,6,2,3,1,1,4,1
0466,5,2,United Kingdom,United Kingdom,United Kingdom,1,1,1,2,1,3,2
0467,3,3,United Kingdom,United Kingdom,United Kingdom,2,5,1,1,1,2,2
0468,3,1,United Kingdom,United Kingdom,United Kingdom,4,2,4,2,1,2,2
0469,3,1,United Kingdom,United Kingdom,United Kingdom,6,2,3,2,2,2,1
0470,4,2,United Kingdom,United Kingdom,United Kingdom,1,3,4,3,1,2,2
0471,3,2,United Kingdom,United Kingdom,United Kingdom,6,4,5,1,1,2,2
0472,3,1,United Kingdom,United Kingdom,United Kingdom,3,6,1,1,1,3,2
0473,3,2,Nigeria,Nigeria,United Kingdom,4,2,3,2,1,2,2
0474,2,1,United States,United States,United States,1,1,1,2,1,2,2
0475,3,1,Nigeria,Nigeria,United Kingdom,1,1,2,2,1,1,2
0476,5,1,United Kingdom,United Kingdom,United Kingdom,6,2,5,1,2,2,2
0477,2,2,United States,Ghana,United States,4,3,3,2,1,2,1
0478,5,2,United States,United States,United States,2,2,4,1,1,2,2
0479,2,2,United Kingdom,United Kingdom,United Kingdom,2,3,2,1,1,2,2
0480,5,2,United Kingdom,United Kingdom,United Kingdom,3,2,3,2,1,2,2
0481,3,1,United Kingdom,United Kingdom,United Kingdom,3,3,3,2,2,3,2
0482,5,2,United Kingdom,United Kingdom,United Kingdom,5,3,4,2,1,2,2
0483,6,1,United Kingdom,United Kingdom,United Kingdom,2,7,1,1,1,2,2
0484,4,2,United Kingdom,United Kingdom,United Kingdom,5,2,3,2,1,2,2
0485,6,1,United Kingdom,United Kingdom,United Kingdom,1,1,3,1,1,2,2
0486,2,1,United Kingdom,United Kingdom,United Kingdom,2,1,4,1,1,2,2
0487,5,1,Nigeria,Nigeria,United States,1,1,3,3,1,2,2
0488,3,1,United Kingdom,United Kingdom,United Kingdom,1,1,1,1,1,2,2
0489,4,2,United Kingdom,United Kingdom,United Kingdom,1,1,1,1,1,3,2
0490,5,2,United States,United States,United States,4,3,3,1,1,2,2
0491,3,2,United Kingdom,United Kingdom,United Kingdom,3,4,5,2,1,2,2
0492,5,1,United States,United States,United States,3,3,3,2,1,2,2
0493,6,2,United States,United States,United States,1,1,1,1,1,3,2
0494,4,2,United Kingdom,United Kingdom,United Kingdom,3,2,3,1,2,3,2
0495,4,2,United Kingdom,United Kingdom,United Kingdom,3,4,2,2,1,1,2
0496,1,1,United Kingdom,United Kingdom,United Kingdom,4,2,2,1,1,2,2
0497,3,2,United Kingdom,United Kingdom,United Kingdom,2,1,1,1,1,1,2
0498,3,1,Nigeria,Nigeria,United Kingdom,5,2,2,1,1,2,2
0499,3,1,South Africa,South Africa,United Kingdom,1,1,2,1,1,2,2
0500,3,1,United States,United States,United States,2,2,1,1,1,2,2
0501,5,2,United Kingdom,United Kingdom,United Kingdom,2,2,3,2,1,3,2
0502,4,2,United States,United States,United States,4,2,2,2,1,1,2
0503,5,1,United Kingdom,United Kingdom,United Kingdom,3,2,2,1,1,2,2
0504,5,1,United Kingdom,United Kingdom,United Kingdom,4,3,2,1,1,2,2
0505,3,1,United Kingdom,Kenya,United Kingdom,2,2,3,1,1,1,1
0506,4,2,United Kingdom,United Kingdom,United Kingdom,3,2,1,2,1,2,2
0507,2,2,Nigeria,Nigeria,United Kingdom,5,2,3,1,1,1,1
0508,3,1,Macedonia,United States,United States,1,1,3,1,1,2,2
0509,1,2,United States,United States,United States,2,1,1,1,1,2,2
0510,2,1,United States,Ghana,United States,3,2,4,2,3,3,2
0511,1,1,United States,Ghana,United States,3,7,2,1,1,2,1
0512,5,1,United Kingdom,United Kingdom,United Kingdom,1,1,3,1,1,2,2
0513,2,1,United States,United States,United States,2,2,1,2,1,2,2
0514,6,1,United Kingdom,United Kingdom,United Kingdom,4,2,3,1,1,1,1
0515,2,1,United States,United States,United States,2,2,1,1,1,2,2
0516,5,1,United States,United States,United States,6,3,5,1,1,2,1
0517,5,2,United States,United States,United States,1,1,2,2,1,1,1
0518,6,1,United Kingdom,United Kingdom,United Kingdom,3,3,2,1,1,2,2
0519,3,1,United States,United States,United States,6,2,3,1,1,2,2
0520,3,2,Nigeria,United Kingdom,United Kingdom,3,7,2,1,1,2,2
0521,3,2,United Kingdom,United Kingdom,United Kingdom,2,2,3,1,1,2,2
0522,2,2,United States,United States,United States,3,2,3,2,1,2,1
0523,6,1,United Kingdom,United Kingdom,United Kingdom,3,4,3,1,1,2,2
0524,2,1,Kenya,Kenya,United Kingdom,5,3,4,2,2,2,1
0525,2,1,United States,United States,United States,1,1,2,2,1,2,2
0526,5,1,United Kingdom,United Kingdom,United Kingdom,3,2,2,2,1,3,2
0527,4,1,United States,United States,United States,1,1,1,1,2,3,2
0528,3,1,United Kingdom,United Kingdom,United Kingdom,4,3,2,2,1,2,2
0529,2,1,United Kingdom,United Kingdom,United Kingdom,4,4,2,1,3,2,2
0530,3,1,United States,United States,United States,6,2,3,1,1,2,2
0531,1,1,United Kingdom,United Kingdom,United Kingdom,2,5,1,2,1,2,2
0532,6,2,United Kingdom,United Kingdom,United Kingdom,1,1,1,1,1,2,2
0533,2,1,United Kingdom,United Kingdom,United Kingdom,6,4,3,1,1,2,2
0534,2,2,United Kingdom,United Kingdom,United Kingdom,2,2,2,2,1,1,2
0535,2,1,United States,United States,United States,6,2,4,2,1,2,2
0536,2,1,United States,United States,United States,1,1,3,2,1,1,2
0537,3,2,United Kingdom,United Kingdom,United Kingdom,1,1,2,2,1,2,2
0538,4,1,United Kingdom,United Kingdom,United Kingdom,2,2,1,2,1,3,2
0539,4,1,United Kingdom,United Kingdom,United Kingdom,5,2,4,2,1,2,2
0540,2,2,United States,United States,United States,4,2,3,2,1,1,2
0541,4,1,United Kingdom,United Kingdom,United Kingdom,4,3,2,1,1,2,2
0542,3,1,Romania,Romania,United Kingdom,3,2,1,1,1,2,2
0543,4,1,United States,United States,United States,5,3,4,2,1,1,2
0544,2,1,United Kingdom,United Kingdom,United Kingdom,4,3,3,2,3,2,1
0545,2,3,United Kingdom,United Kingdom,United Kingdom,1,1,3,1,1,2,2
0546,6,2,United Kingdom,United Kingdom,United Kingdom,5,3,2,1,1,2,2
0547,5,2,United States,United States,United States,6,2,3,1,1,1,2
0548,4,1,United States,United States,United States,4,3,3,2,1,1,1
0549,2,1,United Kingdom,United Kingdom,United Kingdom,3,2,1,1,1,2,2
0550,3,1,United Kingdom,United Kingdom,United Kingdom,1,1,5,1,1,2,2
0551,3,1,United Kingdom,United Kingdom,United Kingdom,1,1,3,1,1,1,2
0552,2,1,United States,United States,United States,2,2,2,1,1,3,2
0553,6,2,United Kingdom,United Kingdom,United Kingdom,3,2,2,2,1,2,2
0554,3,1,United Kingdom,United Kingdom,United Kingdom,2,6,2,2,1,2,2
0555,3,2,United Kingdom,United Kingdom,United Kingdom,1,1,1,1,1,3,2
0556,3,2,United Kingdom,United Kingdom,United Kingdom,1,1,1,2,1,2,2
0557,3,1,United States,United States,United States,3,6,3,1,1,1,2
0558,2,2,United Kingdom,United Kingdom,United Kingdom,3,4,1,2,1,2,2
0559,5,2,United States,United States,United States,3,3,5,2,1,3,2
0560,6,2,United Kingdom,United Kingdom,United Kingdom,1,1,1,1,3,3,2
0561,2,1,United States,United States,United States,1,1,2,2,1,2,2
0562,2,1,Kenya,Kenya,United Kingdom,5,2,4,1,1,3,1
0563,2,2,United States,Ghana,United States,2,2,2,1,1,3,1
0564,5,1,United Kingdom,United Kingdom,United Kingdom,4,3,1,1,1,2,2
0565,2,2,United States,United States,United States,4,2,3,2,1,1,2
0566,5,1,United Kingdom,United Kingdom,United Kingdom,3,3,3,2,1,2,2
0567,3,1,Kenya,United Kingdom,United Kingdom,4,2,2,1,1,2,1
0568,2,1,United Kingdom,United Kingdom,United Kingdom,6,2,1,1,1,2,1
0569,3,2,United Kingdom,United Kingdom,United Kingdom,6,3,3,1,1,2,2
0570,5,2,United Kingdom,United Kingdom,United Kingdom,1,1,2,1,2,3,2
0571,2,1,Nigeria,Nigeria,United Kingdom,5,4,2,2,2,2,2
0572,4,1,United Kingdom,United Kingdom,United Kingdom,5,2,2,1,1,2,2
0573,5,1,United Kingdom,United Kingdom,United Kingdom,1,1,3,2,1,2,2
0574,3,2,United Kingdom,United Kingdom,United Kingdom,4,4,3,2,1,2,2
0575,3,1,United Kingdom,United Kingdom,United Kingdom,6,2,1,1,1,1,1
0576,6,1,United Kingdom,United Kingdom,United Kingdom,1,1,5,2,1,2,2
0577,3,1,United States,United States,United States,2,2,3,2,1,2,2
0578,6,2,United Kingdom,United Kingdom,United Kingdom,2,2,5,1,1,2,2
0579,2,1,United States,United States,United States,2,1,1,2,3,2,2
0580,4,1,United Kingdom,United Kingdom,United Kingdom,3,4,2,2,1,1,2
0581,2,2,United States,United States,United States,3,3,3,1,1,1,1
0582,3,2,United Kingdom,United Kingdom,United Kingdom,4,2,2,1,3,1,2
0583,2,2,United Kingdom,United Kingdom,United Kingdom,2,1,3,2,1,1,2
0584,6,2,United Kingdom,United Kingdom,United Kingdom,2,5,1,1,1,2,2
0585,6,1,United Kingdom,United Kingdom,United Kingdom,3,3,3,2,1,2,2
0586,3,1,United States,Pakistan,United States,4,4,3,2,1,3,2
0587,1,2,Nigeria,Nigeria,United Kingdom,2,4,3,1,1,1,2
0588,4,1,United Kingdom,United Kingdom,United Kingdom,1,1,1,2,2,2,2
0589,2,2,United States,United States,United States,4,3,4,2,1,2,2
0590,3,1,United Kingdom,United Kingdom,United Kingdom,6,2,1,2,1,2,2
0591,2,1,United Kingdom,United Kingdom,United Kingdom,1,1,1,1,1,2,2
0592,3,1,United Kingdom,United Kingdom,United Kingdom,3,6,1,1,1,2,2
0593,3,2,United States,United States,United States,5,4,4,1,1,1,2
0594,2,1,United States,United States,United States,1,1,4,1,1,2,2
0595,2,2,United States,United States,United States,3,2,4,2,1,1,2
0596,4,1,United Kingdom,United Kingdom,United Kingdom,2,4,1,1,1,2,2
0597,2,1,United States,United States,United States,2,2,2,3,2,1,1
0598,6,1,United Kingdom,United Kingdom,United Kingdom,1,1,1,1,2,2,2
0599,2,2,United Kingdom,United Kingdom,United Kingdom,5,4,3,2,2,4,1
0600,5,1,United States,United States,United States,6,2,3,2,1,2,2
0601,3,1,United Kingdom,United Kingdom,United Kingdom,2,2,2,2,1,2,2
0602,5,2,United Kingdom,United Kingdom,United Kingdom,4,2,1,1,1,2,2
0603,6,1,United Kingdom,United Kingdom,United Kingdom,3,4,1,1,1,3,2
0604,4,1,United Kingdom,United Kingdom,United Kingdom,6,2,1,1,1,2,2
0605,6,2,United Kingdom,United Kingdom,United Kingdom,6,2,4,1,1,1,2
0606,2,2,United Kingdom,United Kingdom,United Kingdom,5,2,2,1,1,2,1
0607,4,1,United Kingdom,United Kingdom,United Kingdom,1,1,2,3,1,2,2
0608,4,1,United States,United States,United States,4,2,3,1,1,1,2
0609,2,2,Nigeria,Nigeria,United Kingdom,6,2,5,2,1,1,2
0610,2,2,United Kingdom,United Kingdom,United Kingdom,1,1,1,3,1,1,2
0611,2,1,United Kingdom,United Kingdom,United Kingdom,2,3,2,1,1,2,2
0612,5,1,United Kingdom,United Kingdom,United Kingdom,6,2,1,1,1,2,2
0613,3,1,Nigeria,Nigeria,United Kingdom,3,2,2,2,1,1,2
0614,3,1,Nigeria,Nigeria,United Kingdom,3,2,3,3,1,2,2
0615,3,2,United States,United States,United States,2,2,1,1,1,1,1
0616,2,2,United Kingdom,United Kingdom,United Kingdom,1,1,3,2,1,2,2
0617,3,1,United Kingdom,United Kingdom,United Kingdom,6,2,2,2,1,1,1
0618,3,1,Nigeria,Nigeria,United Kingdom,6,2,5,1,1,1,1
0619,2,1,United States,United States,United States,6,4,5,1,1,1,2
0620,4,1,United Kingdom,United Kingdom,United Kingdom,3,2,1,2,2,3,2
0621,2,1,Kenya,Kenya,United Kingdom,6,2,3,1,1,2,1
0622,2,2,United Kingdom,United Kingdom,United Kingdom,3,3,2,1,1,1,2
0623,4,1,Nigeria,Nigeria,United Kingdom,3,2,4,2,1,1,2
0624,5,1,United Kingdom,United Kingdom,United Kingdom,2,6,2,1,2,2,2
0625,2,1,United Kingdom,Kenya,United Kingdom,5,2,4,1,1,2,1
0626,5,2,United Kingdom,United Kingdom,United Kingdom,5,2,4,2,1,2,2
0627,3,2,Nigeria,Nigeria,United Kingdom,4,2,3,2,1,3,2
0628,2,1,Nigeria,United Kingdom,United Kingdom,5,3,4,1,1,1,1
0629,2,1,United Kingdom,United Kingdom,United Kingdom,3,2,2,2,1,2,2
0630,2,1,United Kingdom,United Kingdom,United Kingdom,3,2,5,2,1,2,2
0631,3,2,Philippines,Philippines,United Kingdom,4,2,4,2,2,2,2
0632,4,2,United States,United States,United States,2,2,3,1,3,3,2
0633,4,1,United Kingdom,United Kingdom,United Kingdom,5,2,1,1,1,2,2
0634,2,1,United States,United States,United States,1,1,2,1,2,2,2
0635,3,1,Nigeria,Nigeria,United Kingdom,3,2,5,1,2,1,2
0636,4,2,United States,United States,United States,5,5,4,3,3,4,2
0637,3,1,United States,United States,United States,6,2,2,1,1,2,2
0638,3,1,United Kingdom,United Kingdom,United Kingdom,4,4,1,2,1,2,2
0639,5,2,United States,United States,United States,1,1,1,1,1,1,2
0640,3,1,United States,Nigeria,United States,6,2,5,1,1,1,1
0641,3,1,United Kingdom,United Kingdom,United Kingdom,2,4,3,2,1,2,2
0642,5,2,United Kingdom,United Kingdom,United Kingdom,2,4,5,1,1,2,2
0643,4,1,United Kingdom,United Kingdom,United Kingdom,6,2,5,2,1,1,2
0644,4,2,United Kingdom,India,United Kingdom,3,4,2,2,1,2,2
0645,5,1,United Kingdom,United Kingdom,United Kingdom,3,5,4,1,1,1,2
0646,2,2,Kenya,United Kingdom,United Kingdom,5,2,1,2,1,2,2
0647,3,1,United Kingdom,United Kingdom,United Kingdom,4,2,2,3,1,2,2
0648,5,2,United States,United States,United States,2,1,3,1,1,2,2
0649,5,1,United Kingdom,Bangladesh,United Kingdom,2,3,3,1,1,2,2
0650,4,1,United Kingdom,Ghana,United Kingdom,1,1,3,1,1,2,1
0651,5,1,United Kingdom,United Kingdom,United Kingdom,1,1,1,2,1,2,2
0652,2,1,United States,United States,United States,3,2,3,1,1,3,2
0653,3,1,United Kingdom,United Kingdom,United Kingdom,1,1,1,3,1,2,2
0654,2,2,United States,United States,United States,6,2,3,3,1,2,2
0655,4,2,United Kingdom,United Kingdom,United Kingdom,2,2,4,2,1,2,2
0656,3,2,United Kingdom,United Kingdom,United Kingdom,1,1,1,1,1,2,2
0657,2,1,United Kingdom,United Kingdom,United Kingdom,3,4,2,2,1,2,2
0658,4,2,United Kingdom,United Kingdom,United Kingdom,6,2,3,2,1,1,2
0659,4,2,American Samoa,United States,United States,5,2,3,2,1,3,2
0660,2,1,Ghana,Ghana,United States,3,2,2,2,1,3,2
0661,2,2,United States,United States,United States,6,3,3,1,1,3,2
0662,2,2,Nigeria,Nigeria,United Kingdom,3,3,2,2,1,2,2
0663,2,1,Nigeria,Nigeria,United Kingdom,6,2,5,2,1,1,2
0664,2,1,United Kingdom,United Kingdom,United Kingdom,4,2,2,2,1,2,2
0665,3,1,Nigeria,Nigeria,United States,1,2,2,1,1,2,2
0666,1,1,United States,United States,United States,1,1,2,2,1,3,2
0667,2,1,United Kingdom,United Kingdom,United Kingdom,5,4,2,1,1,1,2
0668,2,2,Nigeria,Nigeria,United States,2,2,3,2,1,3,2
0669,2,1,United States,United States,United States,2,2,1,1,1,2,2
0670,3,2,United Kingdom,United Kingdom,United Kingdom,1,1,1,1,1,1,2
0671,2,1,United States,United States,United States,5,2,5,2,1,1,1
0672,2,1,United Kingdom,United Kingdom,United Kingdom,2,2,2,2,1,2,2
0673,4,1,United Kingdom,United Kingdom,United Kingdom,2,1,2,2,1,2,2
0674,2,1,United States,United States,United States,6,2,4,2,1,3,2
0675,5,2,United Kingdom,South Africa,United Kingdom,3,3,1,2,1,2,2
0676,2,2,United Kingdom,United Kingdom,United Kingdom,4,2,2,2,1,1,2
0677,4,1,United Kingdom,United Kingdom,United Kingdom,3,2,1,3,1,2,2
0678,6,2,United Kingdom,United Kingdom,United Kingdom,2,5,3,1,1,1,2
0679,6,1,United Kingdom,United Kingdom,United Kingdom,3,5,2,1,1,2,2
0680,3,1,United States,United States,United States,3,2,3,1,1,2,2
0681,3,2,Ireland,United Kingdom,United Kingdom,2,5,1,2,2,2,2
0682,2,2,Spain,Hong Kong,United States,1,1,2,2,1,2,2
0683,3,1,Nigeria,Nigeria,United Kingdom,5,2,2,1,1,1,1
0684,6,2,United Kingdom,United Kingdom,United Kingdom,3,2,3,1,2,3,2
0685,2,1,United Kingdom,United Kingdom,United Kingdom,4,2,2,2,1,2,2
0686,4,1,United States,United States,United States,2,4,3,2,1,1,2
0687,1,1,United States,United States,United States,5,2,4,2,1,2,1
0688,6,1,United Kingdom,United Kingdom,United Kingdom,1,1,1,1,1,2,2
0689,4,2,United Kingdom,United Kingdom,United Kingdom,6,5,2,2,1,2,2
0690,2,1,Kenya,Kenya,United Kingdom,5,2,4,2,1,2,1
0691,3,1,United Kingdom,United Kingdom,United Kingdom,6,3,2,1,1,1,2
0692,3,2,United Kingdom,United Kingdom,United Kingdom,1,1,2,1,1,2,2
0693,2,1,Ghana,United States,United States,2,2,2,2,3,2,2
0694,2,1,United States,United States,United States,2,4,2,1,2,2,2
0695,2,1,United Kingdom,United Kingdom,United Kingdom,1,1,2,1,1,3,2
0696,2,1,United Kingdom,United Kingdom,United Kingdom,2,1,4,1,1,2,2
0697,2,2,Philippines,Philippines,United Kingdom,3,2,3,3,1,2,1
0698,4,2,United Kingdom,United Kingdom,United Kingdom,3,5,3,1,1,2,2
0699,5,1,United Kingdom,United Kingdom,United Kingdom,2,4,2,1,1,2,2
0700,4,1,United Kingdom,United Kingdom,United Kingdom,3,5,3,2,1,2,2
0701,6,2,United Kingdom,United Kingdom,United Kingdom,3,2,2,2,1,2,2
0702,5,2,United Kingdom,United Kingdom,United Kingdom,6,2,2,1,1,3,2
0703,5,2,United Kingdom,United Kingdom,United Kingdom,6,2,1,2,1,1,2
0704,2,1,American Samoa,Ghana,American Samoa,6,2,4,2,2,1,2
0705,3,2,Nigeria,Nigeria,United Kingdom,4,2,3,1,1,1,2
0706,4,1,United Kingdom,United Kingdom,United Kingdom,6,3,2,1,1,2,2
0707,4,2,United Kingdom,United Kingdom,United Kingdom,2,1,3,1,2,3,2
0708,3,1,United Kingdom,United Kingdom,United Kingdom,1,1,2,2,1,2,2
0709,5,1,United Kingdom,United Kingdom,United Kingdom,2,2,2,2,2,2,2
0710,1,1,United Kingdom,United Kingdom,United Kingdom,6,2,3,2,1,1,2
0711,3,1,United Kingdom,United Kingdom,United Kingdom,1,1,1,1,1,2,2
0712,3,1,United Kingdom,United Kingdom,United Kingdom,4,4,2,1,1,1,2
0713,5,1,Nigeria,Nigeria,United States,1,1,3,3,1,2,2
0714,2,1,United Kingdom,United Kingdom,United Kingdom,3,3,2,1,1,2,1
0715,3,1,United Kingdom,United Kingdom,United Kingdom,3,5,1,1,1,1,2
0716,5,2,United Kingdom,United Kingdom,United Kingdom,1,1,2,1,1,2,2
0717,3,2,United Kingdom,United Kingdom,United Kingdom,1,1,1,2,1,2,2
0718,6,1,United Kingdom,United Kingdom,United Kingdom,4,3,2,1,1,2,2
0719,1,1,United Kingdom,United Kingdom,United Kingdom,6,2,5,1,1,2,2
0720,4,1,United Kingdom,United Kingdom,United Kingdom,1,1,1,1,1,2,1
0721,3,1,United Kingdom,United Kingdom,United Kingdom,2,1,2,2,1,2,2
0722,4,2,United Kingdom,United Kingdom,United Kingdom,2,3,2,2,1,2,2
0723,5,1,United Kingdom,United Kingdom,United Kingdom,3,5,3,2,1,2,2
0724,5,1,United Kingdom,United Kingdom,United Kingdom,3,2,2,1,2,1,2
0725,5,2,United Kingdom,United Kingdom,United Kingdom,1,1,1,3,2,2,2
0726,1,1,United States,United States,United States,2,2,1,1,1,2,1
0727,2,2,United Kingdom,United Kingdom,United Kingdom,3,2,3,1,1,3,2
0728,4,2,United Kingdom,United Kingdom,United Kingdom,6,2,5,1,1,2,2
0729,3,1,United States,United States,United States,1,1,3,1,1,3,2
0730,3,2,United Kingdom,United Kingdom,United Kingdom,2,6,2,2,1,1,2
0731,4,1,United Kingdom,United Kingdom,United Kingdom,2,2,2,1,1,2,2
0732,2,1,United Kingdom,United Kingdom,United Kingdom,6,2,2,1,1,2,2
0733,3,2,United Kingdom,United Kingdom,United Kingdom,4,4,5,1,1,2,2
0734,2,2,United Kingdom,United Kingdom,United Kingdom,1,1,1,1,1,2,2
0735,5,1,United Kingdom,United Kingdom,United Kingdom,2,5,1,1,1,2,2
0736,4,1,United Kingdom,Palestinian Territory,United Kingdom,1,1,1,1,1,2,2
0737,1,2,United Kingdom,United Kingdom,United Kingdom,6,2,2,1,2,2,2
0738,3,2,United States,United States,United States,3,4,2,1,1,1,2
0739,2,2,United Kingdom,United Kingdom,United Kingdom,1,1,3,1,1,2,2
0740,3,1,United States,United States,United States,1,1,4,2,1,2,2
0741,2,1,United States,United States,United States,2,2,2,2,1,2,2
0742,4,2,United Kingdom,United Kingdom,United Kingdom,1,1,1,2,1,2,2
0743,4,1,United States,United States,United States,2,2,1,1,1,2,2
0744,4,1,United Kingdom,United Kingdom,United Kingdom,1,1,2,1,1,2,2
0745,2,3,United Kingdom,United Kingdom,United Kingdom,2,1,1,1,1,1,2
0746,3,2,United States,United States,United States,4,4,1,2,1,1,2
0747,4,1,United Kingdom,United Kingdom,United Kingdom,2,4,1,1,1,1,2
0748,4,1,United Kingdom,United Kingdom,United Kingdom,3,5,2,2,1,2,2
0749,6,1,United Kingdom,United Kingdom,United Kingdom,2,6,1,2,1,2,2
0750,1,1,United States,United States,United States,4,2,2,2,1,1,2
0751,2,1,United States,United States,United States,1,1,2,2,1,2,2
0752,4,1,United Kingdom,United Kingdom,United Kingdom,3,2,5,2,2,1,2
0753,2,2,United Kingdom,United Kingdom,United Kingdom,4,3,2,2,1,2,2
0754,3,2,United Kingdom,United Kingdom,United Kingdom,1,1,1,1,1,3,2
0755,3,2,United States,United States,United States,1,1,3,2,1,2,2
0756,2,1,United States,United States,United States,6,2,2,1,1,2,2
0757,6,2,United States,United States,United States,2,1,3,1,2,2,2
0758,2,1,United States,United States,United States,5,3,4,1,4,3,2
0759,5,1,United Kingdom,United Kingdom,United Kingdom,6,2,4,1,1,2,2
0760,3,1,United Kingdom,United Kingdom,United Kingdom,3,2,2,2,1,2,2
0761,4,2,United Kingdom,United Kingdom,United Kingdom,4,5,5,1,1,1,2
0762,2,1,United Kingdom,United Kingdom,United Kingdom,5,2,3,2,1,1,2
0763,4,2,United Kingdom,United Kingdom,United Kingdom,6,2,3,1,1,2,2
0764,6,1,United Kingdom,United Kingdom,United Kingdom,2,2,1,2,1,3,2
0765,2,2,United States,United States,United States,1,1,2,2,1,2,2
0766,5,2,United Kingdom,United Kingdom,United Kingdom,2,2,1,2,1,1,2
0767,4,2,United States,Nigeria,United States,4,5,1,2,1,2,2
0768,5,1,United States,United States,United States,2,2,2,1,1,2,2
0769,4,2,Philippines,Philippines,United Kingdom,3,2,3,2,1,1,1
0770,2,2,Canada,Canada,United Kingdom,1,1,3,1,1,1,2
0771,3,1,United Kingdom,United Kingdom,United Kingdom,1,1,2,2,2,2,2
0772,3,1,United Kingdom,United Kingdom,United Kingdom,1,1,1,1,1,2,2
0773,5,1,United Kingdom,United Kingdom,United Kingdom,6,4,1,1,1,1,2
0774,2,1,United States,United States,United States,6,2,5,1,1,1,2
0775,5,1,United Kingdom,United Kingdom,United Kingdom,2,1,3,1,1,2,2
0776,6,1,United Kingdom,United Kingdom,United Kingdom,6,2,3,2,1,3,2
0777,2,1,United States,United States,United States,1,1,3,1,1,2,2
0778,2,2,United States,United States,United States,2,5,2,1,1,2,2
0779,3,2,United Kingdom,United Kingdom,United Kingdom,3,4,1,1,1,2,2
0780,3,2,United Kingdom,United Kingdom,United Kingdom,2,2,1,1,1,2,2
0781,5,1,United Kingdom,United Kingdom,United Kingdom,1,1,3,1,1,2,2
0782,6,1,United States,United States,United States,5,2,2,2,1,1,1
0783,4,1,United Kingdom,United Kingdom,United Kingdom,1,1,2,1,1,2,2
0784,4,2,United States,United States,United States,1,1,1,1,1,3,2
0785,3,2,United Kingdom,United Kingdom,United Kingdom,6,2,5,1,1,2,2
0786,3,1,United Kingdom,United Kingdom,United Kingdom,3,5,3,1,1,2,2
0787,3,2,United Kingdom,United Kingdom,United Kingdom,6,2,4,2,1,2,2
0788,3,1,United Kingdom,United Kingdom,United Kingdom,6,2,2,2,2,2,2
0789,3,2,Nigeria,Nigeria,United Kingdom,6,2,1,1,1,2,2
0790,2,1,Nigeria,Nigeria,United Kingdom,5,2,2,1,1,2,2
0791,3,2,United Kingdom,United Kingdom,United Kingdom,6,2,2,2,1,2,2
0792,5,1,United Kingdom,United Kingdom,United Kingdom,6,2,5,2,1,2,2
0793,5,1,United States,United States,United States,1,1,2,1,1,2,2
0794,2,1,United States,United States,United States,2,2,1,1,1,2,1
0795,6,1,United Kingdom,United Kingdom,United Kingdom,3,3,3,1,1,3,2
0796,3,2,United Kingdom,United Kingdom,United Kingdom,5,4,2,1,1,1,2
0797,2,1,Nigeria,Nigeria,United Kingdom,3,3,3,1,1,3,2
0798,3,1,United States,United States,United States,5,2,5,1,1,1,2
0799,3,2,United Kingdom,United Kingdom,United Kingdom,4,4,4,1,1,1,2
0800,2,1,United Kingdom,Nigeria,United Kingdom,6,2,5,2,1,1,2
0801,3,1,United Kingdom,United Kingdom,United Kingdom,5,2,2,1,1,1,2
0802,3,1,United States,United States,United States,6,2,5,2,1,1,2
0803,1,2,United Kingdom,United Kingdom,United Kingdom,6,2,5,1,2,3,2
0804,4,2,United Kingdom,United Kingdom,United Kingdom,6,3,5,1,1,2,2
0805,1,1,United States,United States,United States,2,2,2,1,1,2,2
0806,1,1,United States,United States,United States,2,2,3,1,1,2,2
0807,4,1,United Kingdom,United Kingdom,United Kingdom,3,5,2,3,1,2,2
0808,4,1,United Kingdom,United Kingdom,United Kingdom,2,3,2,1,1,1,2
0809,6,2,United States,United States,United States,3,4,4,3,1,3,2
0810,3,2,Nigeria,Nigeria,United Kingdom,4,2,3,2,1,2,2
0811,2,1,Canada,Germany,United States,5,2,3,2,2,2,1
0812,5,2,United Kingdom,United Kingdom,United Kingdom,2,2,5,2,1,1,2
0813,4,1,United Kingdom,United Kingdom,United Kingdom,3,2,2,1,1,1,1
0814,2,2,United Kingdom,United Kingdom,United Kingdom,1,1,1,1,1,2,2
0815,4,1,United Kingdom,United Kingdom,United Kingdom,1,1,2,1,1,2,2
0816,3,1,United Kingdom,United Kingdom,United Kingdom,1,1,4,1,1,2,2
0817,4,1,United Kingdom,United Kingdom,United Kingdom,5,2,4,1,1,2,2
0818,6,2,United Kingdom,United Kingdom,United Kingdom,3,2,2,1,1,2,2
0819,2,2,United Kingdom,United Kingdom,United Kingdom,4,3,2,1,1,3,2
0820,2,2,United Kingdom,United Kingdom,United Kingdom,1,1,1,2,1,2,2
0821,2,1,United Kingdom,Nigeria,United Kingdom,6,5,5,2,1,1,2
0822,3,1,United Kingdom,United Kingdom,United Kingdom,2,4,3,1,1,1,2
0823,4,1,United States,United States,United States,4,3,2,1,1,2,2
0824,2,1,United States,United States,United States,3,2,2,2,1,2,1
0825,2,1,United States,United States,United States,1,1,4,1,4,2,2
0826,6,1,United Kingdom,United Kingdom,United Kingdom,2,1,1,1,1,2,2
0827,4,1,United Kingdom,United Kingdom,United States,1,1,2,3,1,2,2
0828,2,1,United Kingdom,United Kingdom,United Kingdom,4,2,3,2,1,2,2
0829,3,2,United Kingdom,Mexico,United Kingdom,2,3,1,1,1,2,2
0830,4,2,United Kingdom,United Kingdom,United Kingdom,4,3,2,2,1,1,2
0831,6,1,United Kingdom,United Kingdom,United Kingdom,1,1,1,2,1,2,2
0832,4,2,United Kingdom,United Kingdom,United Kingdom,4,2,1,1,1,2,2
0833,3,2,United Kingdom,United Kingdom,United Kingdom,1,5,1,3,1,1,2
0834,2,1,United States,United States,United States,2,3,1,1,1,1,2
0835,6,2,United Kingdom,United Kingdom,United Kingdom,4,5,5,2,1,2,2
0836,3,1,United States,Nigeria,United States,3,3,3,1,1,3,2
0837,2,2,Nigeria,Nigeria,United Kingdom,4,2,5,2,1,1,2
0838,6,2,United Kingdom,United States,United Kingdom,1,1,2,1,1,3,2
0839,2,1,United States,United States,United Kingdom,3,4,3,2,1,3,2
0840,5,2,United Kingdom,United Kingdom,United Kingdom,3,5,2,1,1,2,2
0841,2,2,United Kingdom,United Kingdom,United Kingdom,1,1,1,3,2,2,2
0842,5,2,United States,United States,United States,1,1,5,2,1,2,2
0843,6,1,United Kingdom,United Kingdom,United Kingdom,3,4,2,1,1,1,2
0844,3,1,United Kingdom,United Kingdom,United Kingdom,6,2,2,2,1,2,2
0845,6,2,United Kingdom,South Africa,United Kingdom,5,4,1,2,2,1,2
0846,5,2,United Kingdom,Nigeria,United Kingdom,1,1,2,1,2,3,2
0847,3,1,United Kingdom,Pakistan,United Kingdom,4,2,1,1,1,2,2
0848,2,2,United Kingdom,United Kingdom,United Kingdom,2,2,1,1,1,2,2
0849,2,1,United States,United States,United States,3,3,4,1,1,3,2
0850,3,1,United Kingdom,United Kingdom,United Kingdom,6,4,1,2,1,1,2
0851,3,1,United Kingdom,United Kingdom,United Kingdom,6,2,1,1,1,1,1
0852,6,1,United Kingdom,United Kingdom,United Kingdom,6,5,2,1,1,2,2
0853,2,1,United Kingdom,United Kingdom,United Kingdom,1,1,3,2,2,2,2
0854,2,1,United Kingdom,United Kingdom,United Kingdom,2,2,2,1,1,1,2
0855,3,1,United Kingdom,United Kingdom,United Kingdom,6,2,3,2,1,2,2
0856,2,1,United Kingdom,United Kingdom,United Kingdom,4,4,3,1,1,1,1
0857,4,1,United Kingdom,United Kingdom,United Kingdom,3,3,1,1,1,2,2
0858,3,1,United States,United States,United States,3,2,3,2,1,2,2
0859,3,2,Nigeria,Nigeria,United Kingdom,4,3,3,2,1,2,1
0860,4,1,United Kingdom,United Kingdom,United Kingdom,2,2,1,2,1,2,2
0861,3,2,United Kingdom,United Kingdom,United Kingdom,6,2,1,1,1,2,2
0862,5,2,United Kingdom,United Kingdom,United Kingdom,5,3,3,2,3,3,2
0863,5,2,Portugal,United States,United States,3,3,2,1,1,2,2
0864,4,1,United Kingdom,United Kingdom,United Kingdom,3,2,1,1,1,2,2
0865,2,2,United States,United States,United States,5,3,5,1,1,2,2
0866,5,1,United Kingdom,United Kingdom,United Kingdom,4,3,3,1,1,2,2
0867,2,1,United Kingdom,United Kingdom,United Kingdom,6,4,5,1,1,2,2
0868,2,1,United Kingdom,United Kingdom,United Kingdom,3,3,2,1,1,2,2
0869,1,1,United States,United States,United States,5,2,2,1,1,3,1
0870,3,1,United Kingdom,United Kingdom,United Kingdom,3,2,1,1,1,1,2
0871,6,2,United States,United States,United States,1,1,1,1,1,3,2
0872,2,1,United States,United States,United States,6,2,3,2,1,2,2
0873,5,1,United Kingdom,United Kingdom,United Kingdom,2,3,1,3,1,1,2
0874,3,1,United Kingdom,United Kingdom,United Kingdom,4,5,3,1,1,2,2
0875,2,1,United States,United States,United States,1,1,1,2,1,1,1
0876,5,2,United Kingdom,United Kingdom,United Kingdom,2,2,2,1,1,1,2
0877,2,1,United Kingdom,United Kingdom,United Kingdom,1,1,2,2,1,2,2
0878,2,1,Nigeria,Nigeria,United Kingdom,5,2,5,1,1,2,2
0879,3,1,United Kingdom,Bosnia and Herzegovina,United Kingdom,6,4,2,1,1,2,2
0880,2,2,United Kingdom,United Kingdom,United Kingdom,1,1,4,2,1,1,2
0881,6,1,United Kingdom,United Kingdom,United Kingdom,3,2,2,2,1,1,2
0882,4,2,United Kingdom,United Kingdom,United Kingdom,3,2,2,3,1,2,2
0883,3,2,United States,United Kingdom,United States,2,5,4,2,1,2,2
0884,3,1,United Kingdom,Nigeria,United Kingdom,5,2,2,2,1,1,2
0885,3,2,United Kingdom,United Kingdom,United Kingdom,4,5,5,1,1,2,1
0886,2,1,United States,United States,United States,4,3,2,3,3,2,1
0887,3,1,United States,United States,United Kingdom,6,2,5,2,1,2,2
0888,3,1,United Kingdom,United Kingdom,United Kingdom,6,2,5,2,1,2,2
0889,5,1,United Kingdom,United Kingdom,United Kingdom,1,1,1,1,1,1,2
0890,4,1,United States,United States,United States,3,3,2,2,1,3,2
0891,5,2,United Kingdom,United Kingdom,United Kingdom,6,2,2,1,1,2,2
0892,4,1,United Kingdom,United Kingdom,United Kingdom,2,3,1,2,1,2,2
0893,4,1,United Kingdom,United Kingdom,United Kingdom,1,1,1,1,1,1,2
0894,5,2,United Kingdom,United Kingdom,United Kingdom,1,1,2,1,1,2,2
0895,3,1,United Kingdom,United Kingdom,United Kingdom,6,2,5,1,1,1,2
0896,4,1,United Kingdom,United Kingdom,United Kingdom,1,1,2,1,1,2,2
0897,5,1,United Kingdom,United Kingdom,United Kingdom,6,2,5,1,1,2,2
0898,6,1,United Kingdom,United Kingdom,United Kingdom,1,1,5,2,1,3,2
0899,5,2,United Kingdom,United Kingdom,United Kingdom,1,1,1,2,1,2,2
0900,2,1,Nigeria,Nigeria,United Kingdom,2,2,2,2,1,2,2
0901,5,1,United Kingdom,United Kingdom,United Kingdom,1,1,5,1,1,2,2
0902,5,2,United Kingdom,United Kingdom,United Kingdom,4,2,5,2,1,2,2
0903,2,1,United States,United States,United States,2,3,5,1,1,2,2
0904,1,1,United States,United States,United States,1,1,3,2,3,1,2
0905,3,1,Nigeria,Nigeria,United Kingdom,5,4,4,1,1,1,1
0906,5,2,United Kingdom,United Kingdom,United Kingdom,5,4,3,2,1,2,2
0907,4,2,United Kingdom,United Kingdom,United Kingdom,2,7,2,2,1,2,2
0908,2,2,United States,United States,United States,2,2,1,1,1,1,2
0909,2,2,United Kingdom,United Kingdom,United Kingdom,3,3,2,1,1,1,2
0910,5,2,United Kingdom,United Kingdom,United Kingdom,1,1,3,1,2,2,2
0911,4,1,United Kingdom,United Kingdom,United Kingdom,1,1,2,1,1,2,2
0912,4,2,United Kingdom,United Kingdom,United Kingdom,3,4,2,1,2,2,2
0913,4,1,Nigeria,Nigeria,United Kingdom,1,1,2,3,1,2,2
0914,2,1,United States,United States,United States,2,2,2,1,1,2,2
0915,5,2,United Kingdom,United Kingdom,United Kingdom,3,3,1,2,1,2,2
0916,2,1,United States,Nigeria,United States,3,4,5,2,1,2,2
0917,3,1,United Kingdom,United Kingdom,United Kingdom,4,4,3,1,1,1,1
0918,6,1,United Kingdom,Ireland,United Kingdom,3,5,2,1,1,3,2
0919,5,1,United Kingdom,United Kingdom,United Kingdom,1,1,1,1,1,2,2
0920,3,1,United Kingdom,United Kingdom,United Kingdom,4,3,3,2,1,1,2
0921,6,1,United Kingdom,United Kingdom,United Kingdom,3,2,3,1,1,1,1
0922,5,2,United Kingdom,United Kingdom,United Kingdom,3,2,2,1,1,2,2
0923,3,2,United Kingdom,United Kingdom,United Kingdom,3,2,5,2,1,3,2
0924,3,1,United Kingdom,United Kingdom,United Kingdom,2,3,1,1,1,2,2
0925,2,1,Lithuania,Lithuania,United Kingdom,5,2,3,1,1,1,2
0926,2,1,United States,United States,United States,1,1,3,1,1,3,2
0927,3,2,United States,United States,United States,6,3,3,1,1,2,1
0928,4,2,Madagascar,Madagascar,United Kingdom,3,2,3,2,1,2,1
0929,2,1,United Kingdom,United Kingdom,United Kingdom,3,4,2,1,1,1,2
0930,2,2,United Kingdom,United Kingdom,United Kingdom,3,5,2,2,1,2,2
0931,2,2,Nigeria,Nigeria,United Kingdom,6,2,1,1,1,1,2
0932,3,2,United States,United States,United States,5,3,3,2,1,2,2
0933,2,1,Nigeria,Nigeria,United Kingdom,5,2,1,1,1,1,1
0934,5,1,United Kingdom,United Kingdom,United Kingdom,6,2,2,2,1,2,2
0935,4,1,United States,United States,United States,3,2,2,1,1,2,2
0936,3,1,United States,United States,United States,3,2,2,2,1,1,1
0937,6,1,United Kingdom,United Kingdom,United Kingdom,6,3,5,2,1,2,2
0938,3,1,United States,United States,United States,1,1,1,2,1,2,2
0939,5,2,United Kingdom,United Kingdom,United Kingdom,2,2,4,2,1,2,2
0940,3,1,United Kingdom,United Kingdom,United Kingdom,2,5,2,2,1,1,2
0941,6,1,United Kingdom,United Kingdom,United Kingdom,4,2,2,1,1,2,2
0942,3,2,United States,United States,United States,4,4,1,1,1,2,2
0943,2,3,United States,Virgin Islands,United States,3,2,3,2,2,1,1
0944,2,1,United States,United States,United States,1,1,3,1,1,2,2
0945,3,1,United Kingdom,United Kingdom,United Kingdom,6,2,3,1,1,2,2
0946,3,2,United Kingdom,United Kingdom,United Kingdom,2,4,1,2,1,2,2
0947,4,1,United Kingdom,United Kingdom,United Kingdom,6,2,5,1,1,3,2
0948,4,1,United Kingdom,United Kingdom,United Kingdom,4,2,5,1,1,2,2
0949,6,2,United States,Ghana,United States,4,5,4,2,2,2,2
0950,2,1,Nigeria,United Kingdom,United Kingdom,4,3,2,1,1,2,1
0951,3,1,United Kingdom,United Kingdom,United Kingdom,1,1,1,2,1,2,2
0952,6,2,United Kingdom,United Kingdom,United Kingdom,6,2,5,1,1,2,2
0953,2,2,United Kingdom,United Kingdom,United Kingdom,2,3,1,1,1,2,2
0954,3,1,United Kingdom,United Kingdom,United Kingdom,1,1,1,1,1,2,2
0955,6,2,United Kingdom,United Kingdom,United Kingdom,2,1,1,1,1,2,2
0956,3,1,Nigeria,Nigeria,United Kingdom,5,2,2,2,1,1,2
0957,3,2,United Kingdom,United Kingdom,United Kingdom,6,2,3,1,1,1,2
0958,6,1,United Kingdom,United Kingdom,United Kingdom,2,6,3,1,1,2,2
0959,2,1,United States,United States,United States,6,2,5,1,1,2,2
0960,2,1,United States,United States,United States,2,2,2,1,1,1,2
0961,2,2,Nigeria,Nigeria,United Kingdom,6,2,3,1,1,2,2
0962,6,1,United Kingdom,United Kingdom,United Kingdom,6,5,2,1,1,2,2
0963,2,1,United Kingdom,United Kingdom,United Kingdom,5,3,3,2,2,2,2
0964,3,1,United States,United States,United States,5,2,2,2,1,1,2
0965,3,2,Nigeria,Nigeria,United Kingdom,3,4,3,1,1,2,2
0966,2,1,Nigeria,Nigeria,United Kingdom,6,2,3,2,2,2,2
0967,2,1,United States,United States,United States,2,3,3,1,1,2,2
0968,2,2,United States,United States,United States,3,3,2,2,1,2,2
0969,6,2,United Kingdom,United Kingdom,United Kingdom,2,1,1,3,2,1,2
0970,5,1,United Kingdom,United Kingdom,United Kingdom,3,2,2,1,1,3,2
0971,2,1,United States,United States,United States,4,3,4,2,3,2,1
0972,3,1,United Kingdom,United Kingdom,United Kingdom,2,2,2,1,1,2,2
0973,2,2,Nigeria,Nigeria,United Kingdom,4,2,4,1,1,2,2
0974,3,2,United Kingdom,United Kingdom,United Kingdom,6,2,5,1,1,1,2
0975,6,2,United Kingdom,United Kingdom,United Kingdom,1,1,1,2,1,2,2
0976,6,1,United Kingdom,United Kingdom,United Kingdom,5,5,4,2,1,2,2
0977,3,1,United States,United States,United States,3,2,4,1,1,2,1
0978,2,2,United Kingdom,United Kingdom,United Kingdom,3,2,2,2,1,2,2
0979,3,1,United Kingdom,United Kingdom,United Kingdom,1,1,3,2,1,1,2
0980,3,1,United Kingdom,United Kingdom,United Kingdom,3,2,2,1,1,2,2
0981,2,2,United Kingdom,Kenya,United Kingdom,6,2,1,1,1,2,2
0982,2,1,United States,United States,United States,6,2,1,1,1,1,1
0983,3,1,United Kingdom,United Kingdom,United Kingdom,3,2,1,2,1,1,1
0984,1,1,United Kingdom,United Kingdom,United Kingdom,2,3,1,1,1,1,2
0985,2,1,United Kingdom,United Kingdom,United Kingdom,2,2,5,1,1,2,2
0986,3,2,Indonesia,United Kingdom,United Kingdom,4,3,3,1,1,3,2
0987,4,1,United States,United States,United States,6,2,5,1,1,1,1
0988,2,2,United Kingdom,United Kingdom,United Kingdom,2,5,4,2,1,2,2
0989,6,1,United Kingdom,United Kingdom,United Kingdom,3,5,2,2,1,1,2
0990,5,2,United States,United States,United States,5,2,2,1,1,1,2
0991,3,2,United Kingdom,United Kingdom,United Kingdom,2,1,2,1,1,1,2
0992,2,1,United Kingdom,United Kingdom,United Kingdom,3,2,1,1,1,2,2
0993,2,2,United States,United States,United States,6,2,1,2,1,2,2
0994,5,2,Nigeria,Nigeria,United Kingdom,6,2,2,2,1,2,2
0995,2,2,Nigeria,Nigeria,United States,6,2,3,1,1,2,1
0996,2,1,United Kingdom,United Kingdom,United Kingdom,5,2,3,1,1,1,2
0997,2,1,United States,United States,United States,3,4,2,2,1,2,2
0998,6,1,United Kingdom,United Kingdom,United Kingdom,3,3,3,1,1,2,2
0999,2,2,Nigeria,Nigeria,United Kingdom,3,4,1,1,1,2,2
1000,2,1,United Kingdom,United Kingdom,United Kingdom,2,2,1,1,1,1,2
1001,4,1,United Kingdom,United Kingdom,United Kingdom,1,1,1,1,1,1,2
1002,2,1,United States,United States,United States,3,2,2,2,1,1,2
1003,4,2,United Kingdom,United Kingdom,United Kingdom,2,2,1,1,3,2,2
1004,2,2,Nigeria,Nigeria,United Kingdom,5,2,2,1,1,3,1
1005,2,1,United States,United States,United States,5,2,3,2,1,2,1
1006,6,2,United Kingdom,United Kingdom,United Kingdom,1,1,2,3,1,3,2
1007,1,2,United States,United States,United States,3,2,1,2,1,1,2
1008,4,1,United States,United States,United States,6,2,3,1,1,2,2
1009,4,1,United Kingdom,United Kingdom,United Kingdom,5,3,4,1,1,2,2
1010,4,2,Nigeria,Nigeria,United Kingdom,6,2,4,1,1,2,2
1011,6,1,United Kingdom,United Kingdom,United Kingdom,3,4,2,1,1,3,2
1012,6,1,United Kingdom,United Kingdom,United Kingdom,3,5,1,1,1,1,2
1013,2,1,Philippines,United States,United States,1,1,3,1,1,2,2
1014,2,2,United States,United States,United States,5,3,3,2,1,2,2
1015,2,2,United States,United States,United States,6,2,5,2,1,2,2
1016,6,1,United Kingdom,United Kingdom,United Kingdom,3,2,2,1,1,2,2
1017,3,2,United Kingdom,United Kingdom,United Kingdom,3,4,3,1,2,2,2
1018,3,1,United States,United States,United States,1,1,1,1,1,1,2
1019,3,2,United Kingdom,United Kingdom,United Kingdom,2,6,2,1,1,2,2
1020,4,2,United Kingdom,United Kingdom,United Kingdom,1,1,1,2,1,3,2
1021,3,2,Nigeria,Nigeria,United Kingdom,6,2,5,2,1,1,2
1022,3,2,United Kingdom,United Kingdom,United Kingdom,4,2,3,2,1,3,2
1023,2,1,United Kingdom,United Kingdom,United Kingdom,4,3,2,1,1,2,2
1024,3,2,United Kingdom,United Kingdom,United Kingdom,6,2,4,1,1,2,2
1025,5,1,United Kingdom,United Kingdom,United Kingdom,2,1,1,1,2,2,2
1026,2,1,United Kingdom,United Kingdom,United Kingdom,6,3,5,1,1,2,2
1027,2,1,United Kingdom,United Kingdom,United Kingdom,5,2,4,1,1,2,1
1028,3,2,United States,United States,United States,2,3,1,2,1,1,2
1029,6,2,South Africa,South Africa,United Kingdom,5,2,2,2,1,2,2
1030,6,1,United Kingdom,United Kingdom,United Kingdom,6,2,3,1,1,2,2
1031,3,2,United Kingdom,United Kingdom,United Kingdom,5,2,3,1,1,2,2
1032,4,2,United Kingdom,United Kingdom,United Kingdom,2,5,2,2,1,2,2
1033,3,1,United Kingdom,United Kingdom,United Kingdom,2,2,1,1,1,1,2
1034,3,1,United Kingdom,United Kingdom,United Kingdom,6,2,5,1,1,2,2
1035,3,2,United States,United States,United States,6,3,5,2,1,2,2
1036,2,1,United States,United States,United States,1,1,3,2,1,1,2
1037,2,2,United States,United States,United States,4,4,2,2,1,3,2
1038,3,2,Nigeria,Nigeria,United Kingdom,2,2,1,2,1,1,2
1039,4,2,United Kingdom,United Kingdom,United Kingdom,3,2,2,2,1,1,2
1040,2,2,Zimbabwe,Zimbabwe,United Kingdom,6,2,4,2,1,2,2
1041,2,2,Zimbabwe,United Kingdom,United Kingdom,6,2,1,1,1,1,2
1042,2,2,United States,United States,United States,3,4,3,1,1,2,1
1043,4,2,United Kingdom,United Kingdom,United Kingdom,1,1,1,1,1,2,2
1044,3,2,United States,United States,United States,2,2,2,1,1,2,2
1045,4,2,United Kingdom,United Kingdom,United Kingdom,3,2,1,2,2,1,2
1046,1,1,United States,United States,United States,2,1,4,2,1,2,2
1047,5,1,United Kingdom,United Kingdom,United Kingdom,3,5,2,1,1,2,2
1048,5,1,United Kingdom,United Kingdom,United Kingdom,2,5,1,2,1,2,2
1049,4,2,United Kingdom,United Kingdom,United Kingdom,1,1,1,2,1,2,2
1050,4,2,United Kingdom,United Kingdom,United Kingdom,6,2,2,1,1,2,2
1051,4,2,United States,Nigeria,United States,5,4,3,2,1,1,1
1052,3,1,United States,United States,United States,4,3,3,1,1,2,2
1053,3,1,United Kingdom,United Kingdom,United Kingdom,4,2,2,1,1,2,2
1054,5,1,United Kingdom,United Kingdom,United Kingdom,2,1,1,1,2,2,2
1055,4,2,United Kingdom,United Kingdom,United Kingdom,5,2,4,2,1,3,2
1056,2,1,United States,Nigeria,United States,4,2,2,3,1,3,1
1057,3,2,Nigeria,Nigeria,United Kingdom,6,2,2,1,1,1,1
1058,4,2,Philippines,Philippines,United Kingdom,3,2,2,3,2,2,1
1059,4,2,United States,Nigeria,United States,3,3,4,2,1,2,2
1060,3,2,United Kingdom,United Kingdom,United Kingdom,4,3,2,1,1,2,2
1061,3,1,Poland,Poland,United Kingdom,1,1,2,1,1,2,2
1062,3,1,United Kingdom,United Kingdom,United Kingdom,6,2,3,1,1,1,2
1063,6,2,United Kingdom,United Kingdom,United Kingdom,6,4,4,2,1,2,2
1064,2,1,United Kingdom,United Kingdom,United Kingdom,5,2,1,2,1,1,2
1065,6,2,United Kingdom,United Kingdom,United Kingdom,1,1,1,1,1,2,2
1066,6,2,United States,United Kingdom,United Kingdom,6,2,3,2,1,3,2
1067,4,2,United Kingdom,United Kingdom,United Kingdom,5,4,3,2,1,2,2
1068,2,1,United Kingdom,United Kingdom,United Kingdom,3,2,2,1,1,2,1
1069,2,2,United Kingdom,United Kingdom,United Kingdom,2,1,2,2,1,1,2
1070,3,2,Nigeria,Nigeria,United Kingdom,3,4,2,1,1,1,2
1071,3,2,United Kingdom,United Kingdom,United Kingdom,3,2,1,2,1,2,2
1072,3,2,United States,United States,United States,2,3,3,2,1,2,2
1073,3,2,Papua New Guinea,Papua New Guinea,United Kingdom,5,2,2,2,1,2,2
1074,6,2,Georgia,Georgia,United States,6,2,2,2,1,1,2
1075,2,2,United States,United States,United States,5,2,2,1,1,2,2
1076,4,1,United States,United States,United States,1,1,3,2,1,1,2
1077,2,1,United States,United States,United States,2,1,1,1,1,1,2
1078,5,1,United Kingdom,United Kingdom,United Kingdom,3,2,1,2,1,3,2
1079,3,2,United States,United States,United States,4,2,3,2,1,1,2
1080,5,1,Australia,Australia,United Kingdom,3,5,1,1,1,2,2
1081,3,2,United States,Ghana,United States,4,2,3,1,1,2,2
1082,3,2,United Kingdom,United Kingdom,United Kingdom,6,5,5,2,1,1,2
1083,3,1,Nigeria,Nigeria,United Kingdom,1,1,3,1,1,2,2
1084,4,1,United Kingdom,United Kingdom,United Kingdom,1,1,2,1,1,2,2
1085,3,1,United Kingdom,United Kingdom,United Kingdom,3,5,1,1,1,2,2
1086,3,1,United Kingdom,United Kingdom,United Kingdom,3,5,2,1,1,2,2
1087,4,1,United Kingdom,United Kingdom,United Kingdom,4,6,3,1,1,1,2
1088,5,1,United Kingdom,United Kingdom,United Kingdom,3,3,2,2,1,2,2
1089,3,1,Nigeria,Nigeria,United Kingdom,4,3,3,2,1,2,2
1090,4,2,United States,United States,United States,4,4,3,1,1,2,2
1091,4,1,United States,United States,United States,2,2,4,1,1,2,1
1092,3,1,United Kingdom,United Kingdom,United Kingdom,1,1,4,2,1,2,2
1093,2,1,United Kingdom,United Kingdom,United Kingdom,4,2,2,2,1,2,2
1094,2,2,United Kingdom,United Kingdom,United Kingdom,1,1,3,2,1,2,2
1095,4,1,United Kingdom,United Kingdom,United Kingdom,5,4,2,1,5,2,2
1096,2,2,United Kingdom,United Kingdom,United Kingdom,1,1,3,1,1,1,2
1097,4,1,United Kingdom,United Kingdom,United Kingdom,2,4,2,2,1,2,2
1098,5,2,United Kingdom,United Kingdom,United Kingdom,5,5,2,2,1,2,2
1099,2,1,United Kingdom,United Kingdom,United Kingdom,1,1,3,1,1,1,2
1100,6,1,United Kingdom,United Kingdom,United Kingdom,6,4,1,1,1,2,2
1101,5,2,United Kingdom,United Kingdom,United Kingdom,3,4,2,2,1,1,2
1102,2,1,United States,United States,United States,6,2,4,2,1,3,2
1103,2,2,United States,Ghana,United States,3,2,3,2,1,1,2
1104,3,2,United Kingdom,United Kingdom,United Kingdom,6,2,1,1,1,2,2
1105,2,1,United Kingdom,United Kingdom,United Kingdom,1,1,2,1,2,2,2
1106,3,1,United States,United States,United States,2,2,1,1,1,2,2
1107,2,2,United Kingdom,United Kingdom,United Kingdom,2,2,2,1,1,2,2
1108,4,2,United Kingdom,United Kingdom,United Kingdom,3,3,5,1,1,2,2
1109,2,2,United Kingdom,United Kingdom,United Kingdom,3,4,2,2,1,2,2
1110,2,2,United Kingdom,United Kingdom,United Kingdom,1,1,1,1,1,1,2
1111,5,1,United Kingdom,United Kingdom,United Kingdom,6,3,5,1,1,1,2
1112,3,1,United States,United States,United States,3,3,2,1,1,1,1
1113,4,1,United Kingdom,United Kingdom,United Kingdom,4,2,3,1,1,2,2
1114,2,1,United States,United States,United States,4,3,3,1,2,2,2
1115,5,2,United States,United States,United States,3,4,2,2,1,1,2
1116,4,2,United Kingdom,United Kingdom,United Kingdom,6,2,2,1,1,1,1
1117,2,1,United States,United States,United States,2,4,2,2,1,2,2
1118,3,1,United Kingdom,United Kingdom,United Kingdom,2,2,3,1,1,1,2
1119,3,1,United Kingdom,United Kingdom,United Kingdom,4,3,2,1,1,1,2
1120,5,2,United Kingdom,United Kingdom,United Kingdom,2,5,2,2,1,1,2
1121,2,1,Nigeria,Nigeria,United States,1,1,2,2,1,2,2
1122,5,1,United Kingdom,Zimbabwe,United Kingdom,4,2,3,1,1,1,2
1123,2,1,Yemen,Yemen,Yemen,5,6,2,1,2,1,2
1124,2,2,Nigeria,United States,United States,6,2,4,2,2,3,1
1125,4,1,United Kingdom,United Kingdom,United Kingdom,1,1,1,3,1,1,1
1126,6,1,United Kingdom,United Kingdom,United Kingdom,3,2,2,2,1,1,1
1127,6,1,United Kingdom,United Kingdom,United Kingdom,2,5,2,1,1,2,2
1128,5,2,United States,United States,United States,6,6,3,1,1,3,2
1129,4,2,United Kingdom,United Kingdom,United Kingdom,1,1,1,1,2,2,2
1130,3,2,United Kingdom,United Kingdom,United Kingdom,3,2,2,1,1,1,2
1131,2,1,Nigeria,Nigeria,United Kingdom,5,2,1,2,2,2,2
1132,3,1,United Kingdom,United Kingdom,United Kingdom,3,4,3,2,1,2,2
1133,3,1,Nigeria,United Kingdom,United Kingdom,3,4,2,1,1,2,2
1134,3,3,United States,United States,United States,4,2,3,1,2,2,2
1135,3,2,United States,United States,United States,5,2,4,1,1,1,2
1136,3,2,United Kingdom,United Kingdom,United Kingdom,2,2,3,1,1,2,2
1137,3,1,United States,United States,United States,6,2,5,2,1,2,2
1138,5,1,United States,United States,United States,3,3,2,1,1,2,2
1139,2,1,United Kingdom,United Kingdom,United Kingdom,2,3,1,1,1,1,2
1140,3,2,United Kingdom,United Kingdom,United Kingdom,5,2,1,1,1,1,2
1141,2,1,United States,Ghana,United States,3,2,3,2,1,3,1
1142,6,1,United Kingdom,United Kingdom,United Kingdom,2,1,4,1,1,2,2
1143,3,1,United Kingdom,United Kingdom,United Kingdom,4,2,3,1,1,1,2
1144,4,2,United Kingdom,United Kingdom,United Kingdom,6,2,2,1,1,1,2
1145,3,2,United Kingdom,United Kingdom,United Kingdom,1,1,2,1,1,2,2
1146,2,1,United States,United States,United States,4,2,4,2,1,2,1
1147,2,2,United Kingdom,United States,United Kingdom,1,1,5,2,1,1,2
1148,2,2,United States,United States,United States,1,1,1,2,1,2,2
1149,3,1,United States,United States,United States,3,4,1,2,1,2,2
1150,4,1,United Kingdom,United Kingdom,United Kingdom,3,2,3,2,1,2,2
1151,3,2,United States,United States,United States,2,6,3,1,1,3,2
1152,6,1,United Kingdom,United Kingdom,United Kingdom,3,2,2,1,1,3,2
1153,2,1,Uganda,Uganda,United Kingdom,5,2,4,1,1,2,1
1154,4,2,United Kingdom,United Kingdom,United Kingdom,2,5,3,1,1,2,2
1155,6,1,United Kingdom,United Kingdom,United Kingdom,6,3,2,1,1,3,2
1156,2,1,Nigeria,Nigeria,United Kingdom,4,2,4,2,1,1,2
1157,1,1,Ghana,United States,United States,1,1,1,2,1,1,2
1158,2,1,United Kingdom,Nigeria,United Kingdom,6,2,1,2,1,1,2
1159,2,1,United Kingdom,United Kingdom,United Kingdom,4,2,3,1,1,2,1
1160,6,1,United Kingdom,United Kingdom,United Kingdom,4,2,3,2,1,3,2
1161,3,2,United States,United States,United States,6,2,3,1,1,2,2
1162,2,1,Nigeria,Nigeria,United Kingdom,2,3,2,2,1,2,2
1163,5,2,United Kingdom,United Kingdom,United Kingdom,2,1,1,2,1,1,2
1164,2,2,United Kingdom,United Kingdom,United Kingdom,3,5,3,1,2,1,2
1165,5,2,United Kingdom,United Kingdom,United Kingdom,6,2,3,2,1,2,2
1166,3,1,United Kingdom,United Kingdom,United Kingdom,3,4,2,1,1,1,2
1167,1,2,Ghana,Ghana,United States,4,2,5,2,2,2,1
1168,2,1,United Kingdom,United Kingdom,United Kingdom,2,2,2,1,3,3,2
1169,5,2,United Kingdom,United Kingdom,United Kingdom,1,1,1,2,1,4,2
1170,2,1,United States,United States,United States,2,2,3,2,1,2,2
1171,3,2,United Kingdom,United Kingdom,United Kingdom,6,2,2,1,1,2,2
1172,3,2,Nigeria,Nigeria,United Kingdom,6,2,5,2,5,2,2
1173,5,1,United Kingdom,United Kingdom,United Kingdom,2,2,2,1,2,1,2
1174,3,1,Ghana,Ghana,Germany,1,1,4,1,1,1,2
1175,3,1,United Kingdom,United Kingdom,United Kingdom,6,2,1,1,1,1,1
1176,3,1,United States,United States,United States,1,1,1,1,1,1,2
1177,2,2,United States,United States,United States,1,1,1,2,1,2,2
1178,3,1,United States,United States,United States,6,5,3,3,1,2,1
1179,2,1,United Kingdom,United Kingdom,United Kingdom,2,2,1,2,2,2,2
1180,4,1,United Kingdom,United Kingdom,United Kingdom,6,4,5,2,1,2,2
1181,2,1,United States,United States,United States,3,2,2,2,1,2,2
1182,2,2,United Kingdom,United Kingdom,United Kingdom,1,1,2,2,2,3,2
1183,2,1,Nigeria,Nigeria,United Kingdom,5,3,4,2,1,2,1
1184,3,1,Nigeria,Nigeria,United Kingdom,2,5,2,2,1,2,2
1185,3,1,United Kingdom,United Kingdom,United Kingdom,6,2,2,1,1,1,2
1186,2,1,United Kingdom,Iceland,United Kingdom,5,2,5,2,1,1,2
1187,3,2,United Kingdom,United Kingdom,United Kingdom,6,2,2,1,1,2,2
1188,2,1,United States,United States,United States,3,4,5,1,1,2,2
1189,3,1,United Kingdom,United Kingdom,United Kingdom,4,2,2,2,1,3,2
1190,4,1,United Kingdom,United Kingdom,United Kingdom,6,6,1,1,1,2,2
1191,3,2,United Kingdom,United Kingdom,United Kingdom,2,5,2,2,1,2,2
1192,4,1,United Kingdom,United Kingdom,United Kingdom,3,2,2,2,1,3,2
1193,3,1,United States,United States,United States,2,3,3,2,1,2,2
1194,2,2,United Kingdom,United Kingdom,United Kingdom,3,2,2,1,1,1,2
1195,6,1,United Kingdom,United Kingdom,United Kingdom,4,2,4,2,1,2,2
1196,6,1,United Kingdom,United Kingdom,United Kingdom,3,3,1,3,3,1,2
1197,5,1,United States,United States,United States,6,6,3,2,1,2,2
1198,4,1,United States,United States,United States,3,2,2,1,1,2,2
1199,1,1,United States,United States,United States,4,2,3,1,1,1,2
1200,5,2,United Kingdom,United Kingdom,United Kingdom,2,5,2,2,1,1,2
1201,3,2,Philippines,Philippines,United Kingdom,4,2,4,2,2,2,2
1202,6,2,United Kingdom,United Kingdom,United Kingdom,1,1,1,1,1,3,2
1203,3,1,United Kingdom,United Kingdom,United Kingdom,2,6,1,1,1,3,2
1204,2,1,Nigeria,Nigeria,United Kingdom,4,2,1,2,1,1,2
1205,4,1,United Kingdom,United Kingdom,United Kingdom,1,1,2,1,1,2,2
1206,5,1,United Kingdom,United Kingdom,United Kingdom,4,4,3,2,1,2,2
1207,4,2,United Kingdom,United Kingdom,United Kingdom,6,2,1,2,1,2,2
1208,4,1,Sweden,Nigeria,United Kingdom,5,2,3,2,1,3,2
1209,6,2,United Kingdom,United Kingdom,United Kingdom,2,3,2,3,1,2,2
1210,6,1,United States,United States,United States,6,2,3,1,1,1,1
1211,2,2,Nigeria,Nigeria,United Kingdom,4,2,3,2,1,2,2
1212,2,1,Canada,Nigeria,United States,4,3,3,1,2,2,1
1213,3,1,United Kingdom,United Kingdom,United Kingdom,2,2,2,2,1,2,2
1214,3,2,United Kingdom,United Kingdom,United Kingdom,2,5,2,2,1,1,2
1215,5,1,United Kingdom,United Kingdom,United Kingdom,1,1,4,1,1,2,2
1216,4,1,United States,United States,United States,5,3,4,2,2,2,1
1217,3,2,United Kingdom,United Kingdom,United Kingdom,2,1,3,1,1,2,2
1218,4,1,Nigeria,Nigeria,United Kingdom,3,2,1,1,1,1,1
1219,2,1,United Kingdom,United Kingdom,United Kingdom,1,1,2,2,1,2,2
1220,2,2,United Kingdom,United Kingdom,United Kingdom,6,3,3,2,1,3,2
1221,2,2,United States,United States,United States,4,3,4,2,1,1,2
1222,4,2,United Kingdom,United Kingdom,United Kingdom,1,1,2,2,1,2,2
1223,3,1,United Kingdom,United Kingdom,United Kingdom,1,1,3,1,1,1,2
1224,2,1,United Kingdom,United Kingdom,United Kingdom,2,4,3,1,1,1,2
1225,2,1,United Kingdom,United Kingdom,United Kingdom,4,2,2,2,1,2,2
1226,3,1,Nigeria,Nigeria,United Kingdom,2,3,5,1,1,1,2
1227,3,2,United Kingdom,United Kingdom,United Kingdom,2,2,2,1,1,2,2
1228,3,1,United Kingdom,United Kingdom,United Kingdom,6,2,1,1,1,2,2
1229,3,1,Nigeria,Nigeria,United Kingdom,4,2,2,2,1,1,2
1230,4,1,United Kingdom,United Kingdom,United Kingdom,5,4,2,1,1,2,2
1231,2,1,United States,Nigeria,United States,4,2,3,2,1,2,2
1232,4,1,United Kingdom,United Kingdom,United Kingdom,2,5,1,1,1,1,2
1233,6,1,United Kingdom,United Kingdom,United Kingdom,5,4,2,1,1,2,2
1234,5,2,United States,United States,United States,3,2,1,1,1,3,2
1235,3,1,United States,United States,United States,3,3,5,2,2,3,2
1236,2,1,Nigeria,Nigeria,United Kingdom,4,2,3,1,1,2,2
1237,3,2,United States,United States,United States,2,2,1,1,1,1,2
1238,4,1,United States,United States,United States,1,1,1,2,1,1,2
1239,3,1,South Africa,South Africa,United Kingdom,1,1,2,1,1,2,2
1240,2,1,United States,United States,United States,6,2,2,1,1,3,2
1241,5,1,United Kingdom,United Kingdom,United Kingdom,3,2,1,2,1,2,2
1242,5,1,United Kingdom,United Kingdom,United Kingdom,5,3,3,1,1,2,2
1243,3,1,United States,United States,United States,1,1,2,1,1,1,2
1244,4,1,United Kingdom,United Kingdom,United Kingdom,3,2,3,1,1,2,2
1245,4,2,United Kingdom,Guernsey,Guernsey,5,2,2,1,1,2,2
1246,2,1,United States,United States,United States,5,2,2,2,1,2,2
1247,4,1,United States,United States,United States,3,2,2,1,1,2,2
1248,4,1,United Kingdom,United Kingdom,United Kingdom,1,1,2,2,1,2,2
1249,2,2,United States,United States,United States,4,3,4,2,1,1,2
1250,3,2,United States,United States,United States,4,2,3,2,3,1,2
1251,4,2,United Kingdom,United Kingdom,United Kingdom,3,3,1,2,2,1,2
1252,3,1,United Kingdom,United Kingdom,United Kingdom,4,4,3,1,1,1,2
1253,4,2,United Kingdom,United Kingdom,United Kingdom,2,2,2,2,3,2,2
1254,3,1,Bulgaria,Bulgaria,United Kingdom,3,3,2,2,1,3,2
1255,2,1,United Kingdom,United Kingdom,United Kingdom,6,2,2,1,1,2,2
1256,5,1,United States,United States,United States,6,2,4,1,1,3,1
1257,3,1,United Kingdom,United Kingdom,United Kingdom,3,4,1,1,1,3,2
1258,3,2,United States,United States,United States,2,4,3,1,1,1,2
1259,3,2,Australia,Australia,United Kingdom,3,4,2,2,1,2,2
1260,4,1,United Kingdom,United Kingdom,United Kingdom,4,2,2,2,1,2,2
1261,2,1,United Kingdom,United Kingdom,United Kingdom,6,2,2,1,1,2,2
1262,4,2,United Kingdom,United Kingdom,United Kingdom,3,3,4,1,1,3,2
1263,2,1,Ghana,Ghana,United States,1,1,3,1,1,2,2
1264,6,1,Isle of Man,United Kingdom,United Kingdom,1,1,3,3,1,2,2
1265,3,1,United Kingdom,United Kingdom,United Kingdom,6,2,3,1,1,2,2
1266,4,1,United Kingdom,United Kingdom,United Kingdom,4,4,1,1,1,2,2
1267,2,2,Nigeria,Nigeria,United Kingdom,6,2,5,2,1,1,2
1268,5,2,United Kingdom,United Kingdom,United Kingdom,6,2,4,2,1,2,2
1269,4,2,United States,United States,United States,1,1,4,1,1,3,2
1270,3,1,Nigeria,Nigeria,Nigeria,3,3,3,1,2,2,2
1271,6,1,United Kingdom,United Kingdom,United Kingdom,3,2,1,2,1,1,2
1272,2,2,United Kingdom,United Kingdom,United Kingdom,3,2,1,3,1,2,2
1273,3,1,United Kingdom,United Kingdom,United Kingdom,4,3,2,1,1,2,1
1274,4,2,United Kingdom,United Kingdom,United Kingdom,3,2,3,1,1,1,2
1275,4,1,United Kingdom,United Kingdom,United Kingdom,1,1,3,1,1,2,2
1276,3,1,United States,United States,United States,2,2,3,2,1,2,2
1277,5,1,United Kingdom,United Kingdom,United Kingdom,4,4,2,1,1,2,2
1278,4,2,United Kingdom,United Kingdom,United Kingdom,1,1,3,2,1,1,2
1279,4,2,United Kingdom,United Kingdom,United Kingdom,3,3,2,1,1,2,2
1280,3,2,Nigeria,Nigeria,United States,5,2,2,2,1,1,1
1281,2,1,United States,United States,United States,3,2,1,1,2,2,2
1282,3,1,United States,United States,United States,1,1,1,2,1,1,2
1283,2,1,United Kingdom,United Kingdom,United Kingdom,3,5,5,1,1,1,1
1284,3,1,United Kingdom,United Kingdom,United Kingdom,1,1,1,2,1,3,2
1285,6,2,United Kingdom,United Kingdom,United Kingdom,3,6,2,1,1,3,2
1286,2,2,United Kingdom,United Kingdom,United Kingdom,2,2,1,1,1,2,2
1287,5,2,United Kingdom,United Kingdom,United Kingdom,1,1,1,2,1,1,2
1288,3,2,United States,United States,United States,2,1,5,1,1,1,2
1289,6,2,United Kingdom,United Kingdom,United Kingdom,6,2,5,1,1,2,2
1290,3,1,United Kingdom,United Kingdom,United Kingdom,4,3,3,1,1,1,1
1291,2,1,United States,United States,United States,4,2,2,3,2,2,1
1292,6,1,United Kingdom,United Kingdom,United Kingdom,3,5,2,1,1,2,2
1293,4,1,United Kingdom,United Kingdom,United Kingdom,1,1,1,1,1,2,2
1294,3,1,United Kingdom,United Kingdom,United Kingdom,3,5,5,1,2,2,2
1295,2,2,United States,United States,United States,2,2,3,1,4,2,2
1296,2,1,United States,United States,United States,4,2,3,2,1,2,2
1297,4,1,United Kingdom,United Kingdom,United Kingdom,3,2,3,2,1,3,2
1298,5,2,United Kingdom,United Kingdom,United Kingdom,2,5,5,2,1,1,2
1299,3,1,United Kingdom,United Kingdom,United Kingdom,6,4,1,1,1,1,2
1300,4,1,United Kingdom,United Kingdom,United Kingdom,6,3,3,2,1,1,2
1301,2,2,Romania,United Kingdom,United Kingdom,6,3,4,2,1,1,2
1302,3,2,United Kingdom,United Kingdom,United Kingdom,1,1,1,2,1,1,2
1303,3,1,United Kingdom,United Kingdom,United Kingdom,4,2,2,1,1,2,2
1304,3,2,United States,United States,United States,1,1,4,1,1,1,2
1305,3,2,Mexico,United States,United States,4,2,4,1,1,1,2
1306,6,1,United States,United States,United States,6,2,5,2,1,1,2
1307,2,1,United States,United States,United States,3,1,2,1,1,1,2
1308,5,2,United Kingdom,India,United Kingdom,1,1,3,2,1,2,2
1309,3,1,United States,United States,United States,4,2,1,1,2,1,2
1310,4,2,United States,United States,United States,2,1,3,1,1,2,2
1311,2,1,United States,United States,United States,3,2,3,2,1,2,2
1312,2,1,United States,United States,United States,3,3,1,2,1,2,2
1313,3,1,United States,United States,United States,4,3,2,2,1,1,2
1314,5,1,United Kingdom,United Kingdom,United Kingdom,2,2,5,1,1,3,2
1315,3,1,Nigeria,Nigeria,United Kingdom,3,2,3,1,2,2,2
1316,6,1,United Kingdom,United Kingdom,United Kingdom,3,2,3,2,2,2,2
1317,2,2,United Kingdom,United Kingdom,United Kingdom,1,1,2,1,1,2,2
1318,4,2,United States,United States,United States,3,2,5,2,1,1,2
1319,2,2,United States,United States,United States,6,4,2,2,1,2,2
1320,2,1,United States,United States,United States,1,1,1,1,1,2,1
1321,3,1,United Kingdom,China,United Kingdom,2,2,3,1,1,2,2
1322,5,1,Nigeria,Nigeria,United States,1,1,3,3,1,2,2
1323,4,1,United Kingdom,United Kingdom,United Kingdom,2,1,2,1,1,2,2
1324,6,1,United Kingdom,United Kingdom,United Kingdom,3,2,2,2,1,2,2
1325,4,1,United Kingdom,United Kingdom,United Kingdom,6,2,5,1,1,1,2
1326,5,1,United Kingdom,United Kingdom,United Kingdom,2,3,1,1,1,2,2
1327,3,1,United Kingdom,United Kingdom,United Kingdom,3,3,3,2,1,1,2
1328,4,1,United States,United States,United States,4,4,3,1,1,3,2
1329,3,2,United Kingdom,United Kingdom,United Kingdom,4,4,2,1,1,2,2
1330,1,1,United States,United States,United States,6,6,2,3,2,1,2
1331,4,2,Ireland,United Kingdom,United Kingdom,1,1,1,2,1,2,2
1332,5,2,United Kingdom,United Kingdom,United Kingdom,2,2,1,1,1,2,2
1333,3,2,United Kingdom,United Kingdom,United Kingdom,6,2,2,2,1,2,2
1334,3,2,United Kingdom,South Africa,United Kingdom,4,2,5,1,1,1,2
1335,5,2,United Kingdom,United Kingdom,United Kingdom,6,2,3,2,1,3,2
1336,5,1,United Kingdom,United Kingdom,United Kingdom,3,5,3,1,1,2,2
1337,4,1,United Kingdom,United Kingdom,United Kingdom,3,4,3,1,1,1,2
1338,4,1,United Kingdom,United Kingdom,United Kingdom,5,2,4,1,1,3,2
1339,5,2,United Kingdom,United Kingdom,United Kingdom,2,5,1,1,1,2,2
1340,1,1,United Kingdom,United Kingdom,United Kingdom,1,1,1,1,1,2,2
1341,4,1,United Kingdom,United Kingdom,United Kingdom,3,3,2,2,1,2,2
1342,2,1,United Kingdom,United Kingdom,United Kingdom,1,1,2,1,1,2,2
1343,2,2,United Kingdom,United Kingdom,United Kingdom,1,1,3,1,1,2,2
1344,1,1,United States,United States,United States,5,2,3,2,1,2,1
1345,5,1,United Kingdom,United Kingdom,United Kingdom,1,1,3,2,1,2,2
1346,2,2,Nigeria,Nigeria,United Kingdom,4,3,3,1,1,3,1
1347,2,1,Nigeria,United Kingdom,United Kingdom,4,3,3,1,2,2,2
1348,3,2,United Kingdom,United Kingdom,United Kingdom,6,3,5,2,1,3,1
1349,4,1,United Kingdom,United Kingdom,United Kingdom,6,3,2,3,1,3,2
1350,5,2,United States,United States,United States,1,1,2,2,1,1,1
1351,2,2,United Kingdom,United States,United Kingdom,1,1,5,2,1,1,2
1352,4,2,United Kingdom,United Kingdom,United Kingdom,2,5,2,2,1,3,2
1353,5,1,United Kingdom,United Kingdom,United Kingdom,3,4,1,1,1,3,2
1354,2,2,United Kingdom,United Kingdom,United Kingdom,5,2,3,2,1,2,2
1355,5,2,United Kingdom,United Kingdom,United Kingdom,6,2,5,1,1,2,2
1356,2,3,United States,United States,United States,4,2,1,2,1,2,2
1357,3,2,United Kingdom,United Kingdom,United Kingdom,1,1,1,1,3,3,2
1358,2,1,United Kingdom,United Kingdom,United Kingdom,5,3,1,1,1,1,1
1359,5,1,United Kingdom,United Kingdom,United Kingdom,6,2,5,1,1,2,2
1360,2,2,United Kingdom,United Kingdom,United Kingdom,1,1,2,1,1,1,2
1361,5,1,United Kingdom,United Kingdom,United Kingdom,6,2,3,2,1,1,1
1362,2,2,United Kingdom,United Kingdom,United Kingdom,4,2,5,1,1,3,2
1363,2,1,United Kingdom,United Kingdom,United Kingdom,3,2,1,2,2,1,2
1364,2,2,United States,United States,United States,6,3,3,1,1,1,2
1365,3,1,United States,United States,United States,3,2,1,1,1,2,2
1366,4,2,Nigeria,Nigeria,United States,5,2,2,1,1,2,1
1367,1,1,Nigeria,Nigeria,United States,3,3,3,1,1,3,2
1368,5,1,United Kingdom,United Kingdom,United Kingdom,1,1,1,1,1,3,2
1369,3,1,United States,United States,United States,2,2,4,1,1,1,2
